districtid,timeid,neighbormean,neighborstdev
101,1,0.40,0.89
101,2,20.20,31.24
101,3,36.60,44.99
101,4,96.60,95.90
101,5,490.00,542.24
101,6,2117.80,2055.85
101,7,797.00,699.27
102,1,1.00,2.24
102,2,38.40,54.51
102,3,157.80,228.69
102,4,110.80,48.53
102,5,237.60,52.33
102,6,559.00,259.18
102,7,155.20,126.54
103,1,0.00,0.00
103,2,30.00,46.18
103,3,72.56,48.38
103,4,387.22,400.35
103,5,479.11,364.10
103,6,804.33,443.62
103,7,156.33,109.82
104,1,2.43,4.20
104,2,27.00,25.69
104,3,82.43,68.85
104,4,144.86,112.13
104,5,568.71,335.95
104,6,643.86,430.51
104,7,112.00,80.73
105,1,10.14,17.02
105,2,343.43,493.96
105,3,2461.43,3612.57
105,4,6809.57,10663.03
105,5,20246.14,28474.64
105,6,24491.43,30281.91
105,7,5258.86,6857.81
106,1,0.14,0.38
106,2,0.14,0.38
106,3,8.29,21.92
106,4,23.00,16.64
106,5,180.00,460.44
106,6,664.57,1658.29
106,7,53.86,137.67
107,1,7.17,11.02
107,2,193.83,345.03
107,3,358.50,388.62
107,4,398.67,502.02
107,5,881.67,786.33
107,6,1687.33,1860.80
107,7,377.17,607.71
108,1,1.00,1.73
108,2,16.00,13.11
108,3,81.67,102.26
108,4,205.67,124.56
108,5,998.33,490.70
108,6,2121.33,1018.76
108,7,504.00,116.67
109,1,4.75,5.68
109,2,10.75,7.23
109,3,30.00,7.35
109,4,226.25,46.81
109,5,1286.00,278.63
109,6,2929.25,974.27
109,7,652.50,202.59
110,1,5.25,14.05
110,2,29.75,32.70
110,3,77.62,99.67
110,4,426.00,589.57
110,5,766.38,887.44
110,6,1020.38,782.75
110,7,238.88,214.04
111,1,0.00,0.00
111,2,0.00,0.00
111,3,42.00,30.79
111,4,203.67,154.40
111,5,539.00,373.69
111,6,1516.00,1251.15
111,7,416.67,374.71
112,1,0.00,0.00
112,2,17.17,17.47
112,3,31.67,22.11
112,4,50.50,49.03
112,5,323.83,202.46
112,6,732.83,699.41
112,7,141.83,136.90
113,1,0.17,0.41
113,2,1.67,4.08
113,3,57.50,94.62
113,4,89.50,65.41
113,5,146.17,238.41
113,6,448.83,561.89
113,7,173.17,200.33
114,1,2.83,6.94
114,2,179.67,349.57
114,3,221.83,425.01
114,4,568.33,610.76
114,5,922.17,728.77
114,6,1616.83,1932.40
114,7,414.33,601.38
115,1,1.50,2.81
115,2,27.50,34.84
115,3,20.67,19.61
115,4,111.83,61.72
115,5,528.17,445.57
115,6,2051.00,1415.46
115,7,554.17,260.09
116,1,0.00,0.00
116,2,10.00,10.35
116,3,95.33,32.17
116,4,167.50,52.87
116,5,867.00,463.67
116,6,2551.67,2289.41
116,7,440.67,453.03
117,1,0.00,0.00
117,2,11.20,18.50
117,3,90.20,47.27
117,4,109.20,60.70
117,5,593.20,263.10
117,6,1645.80,639.93
117,7,356.80,153.01
118,1,1.70,3.77
118,2,31.00,41.01
118,3,161.50,199.66
118,4,253.60,357.00
118,5,746.20,989.61
118,6,3179.50,7077.07
118,7,1117.90,2502.90
119,1,3.40,4.22
119,2,22.00,22.17
119,3,47.80,16.98
119,4,86.00,59.65
119,5,771.80,575.92
119,6,1241.80,1072.63
119,7,244.60,272.33
120,1,0.00,0.00
120,2,10.00,5.29
120,3,100.00,66.01
120,4,60.00,23.00
120,5,203.00,71.08
120,6,1113.00,761.36
120,7,229.33,94.48
121,1,3.50,7.61
121,2,53.00,35.89
121,3,132.50,101.86
121,4,367.83,167.55
121,5,831.33,372.95
121,6,1388.67,1076.35
121,7,341.17,254.30
122,1,7.50,9.95
122,2,829.25,1454.32
122,3,2497.50,4450.45
122,4,2547.25,4153.98
122,5,2266.25,2391.17
122,6,2405.75,2240.48
122,7,402.00,381.89
123,1,1.00,1.00
123,2,80.00,138.57
123,3,110.57,114.33
123,4,543.29,482.06
123,5,5768.43,5163.37
123,6,13714.00,11067.55
123,7,2524.14,1739.77
124,1,3.33,8.54
124,2,19.11,27.33
124,3,87.22,94.58
124,4,350.44,276.99
124,5,800.44,1182.20
124,6,912.33,1394.24
124,7,162.56,216.44
125,1,0.00,0.00
125,2,1.56,3.21
125,3,36.44,29.72
125,4,109.22,143.48
125,5,501.67,518.51
125,6,1970.00,1874.72
125,7,451.11,504.68
126,1,0.00,0.00
126,2,0.50,0.71
126,3,1.00,1.41
126,4,41.00,53.74
126,5,86.50,95.46
126,6,172.50,84.15
126,7,36.50,30.41
127,1,0.00,0.00
127,2,0.67,1.21
127,3,32.17,29.04
127,4,37.00,48.29
127,5,113.83,176.52
127,6,377.17,404.73
127,7,212.83,306.22
128,1,0.00,0.00
128,2,1.00,0.82
128,3,133.25,111.98
128,4,152.00,52.29
128,5,533.50,343.10
128,6,1466.50,1130.03
128,7,231.50,166.54
129,1,2.33,4.41
129,2,11.83,12.98
129,3,234.33,185.78
129,4,130.00,129.23
129,5,412.17,261.95
129,6,573.00,366.65
129,7,94.33,56.03
130,1,0.25,0.50
130,2,35.25,21.27
130,3,160.25,188.57
130,4,394.75,276.67
130,5,2024.50,1298.32
130,6,4095.25,3136.96
130,7,886.50,924.05
131,1,1.00,2.00
131,2,19.00,18.12
131,3,107.50,70.35
131,4,177.83,152.40
131,5,2312.33,2869.85
131,6,3559.83,4318.63
131,7,367.67,445.64
132,1,0.40,0.89
132,2,3.60,5.68
132,3,39.00,71.70
132,4,50.80,79.87
132,5,242.40,109.93
132,6,596.80,267.91
132,7,151.60,94.92
133,1,0.25,0.50
133,2,14.25,20.52
133,3,68.25,63.98
133,4,91.00,50.34
133,5,1103.25,813.64
133,6,1720.00,842.35
133,7,173.00,61.65
134,1,1.80,2.95
134,2,54.20,80.65
134,3,352.20,392.02
134,4,1339.80,1474.57
134,5,4854.20,4146.19
134,6,12755.80,9459.78
134,7,2497.00,1774.63
136,1,0.00,0.00
136,2,4.83,8.98
136,3,110.00,45.46
136,4,126.33,47.25
136,5,453.33,255.83
136,6,1419.83,696.71
136,7,252.33,128.43
137,1,0.17,0.41
137,2,3.17,2.79
137,3,90.50,50.41
137,4,182.17,112.96
137,5,831.17,629.34
137,6,2253.33,2428.32
137,7,388.00,458.34
138,1,0.40,0.89
138,2,4.40,7.80
138,3,68.20,90.62
138,4,159.80,128.14
138,5,983.80,619.23
138,6,3177.00,2224.19
138,7,687.20,457.48
140,1,0.00,0.00
140,2,0.33,0.58
140,3,32.00,26.29
140,4,72.67,35.95
140,5,74.00,54.11
140,6,240.00,38.11
140,7,99.33,69.26
141,1,5.17,7.14
141,2,36.50,27.11
141,3,149.17,130.55
141,4,551.67,498.93
141,5,1324.00,1098.72
141,6,1891.17,999.20
141,7,570.67,221.28
142,1,0.20,0.45
142,2,6.20,7.85
142,3,65.00,54.16
142,4,75.00,63.54
142,5,444.00,262.11
142,6,1671.00,733.59
142,7,272.40,148.00
143,1,0.00,0.00
143,2,0.67,1.21
143,3,30.00,21.80
143,4,77.83,53.98
143,5,535.17,375.52
143,6,904.50,1052.41
143,7,62.33,152.68
144,1,1.86,4.49
144,2,17.71,46.43
144,3,84.43,156.06
144,4,191.00,319.79
144,5,611.14,1223.33
144,6,3880.86,8536.64
144,7,1521.29,2965.88
145,1,0.00,0.00
145,2,0.33,0.82
145,3,17.83,11.51
145,4,66.17,55.18
145,5,167.67,131.18
145,6,985.00,624.37
145,7,337.00,270.67
146,1,0.67,1.21
146,2,3.17,7.28
146,3,43.33,34.70
146,4,168.50,112.40
146,5,571.83,401.29
146,6,2421.17,1638.12
146,7,611.50,390.35
147,1,0.38,0.74
147,2,56.25,134.38
147,3,116.38,120.24
147,4,407.12,554.48
147,5,4298.25,6041.55
147,6,9766.62,10964.80
147,7,1504.62,1207.77
148,1,0.71,1.89
148,2,12.71,14.65
148,3,69.86,29.67
148,4,166.57,83.19
148,5,958.86,351.37
148,6,1933.43,632.45
148,7,213.71,98.16
149,1,0.00,0.00
149,2,0.00,0.00
149,3,17.00,13.88
149,4,108.00,109.45
149,5,296.00,234.01
149,6,1154.25,1010.75
149,7,653.75,575.86
150,1,0.00,0.00
150,2,0.14,0.38
150,3,28.86,26.95
150,4,130.00,101.38
150,5,511.71,943.06
150,6,1790.86,2947.21
150,7,943.86,1449.03
151,1,0.00,0.00
151,2,2.33,2.52
151,3,66.33,45.24
151,4,91.33,56.76
151,5,396.00,255.18
151,6,1259.33,689.95
151,7,162.33,78.23
152,1,0.00,0.00
152,2,0.75,1.39
152,3,19.12,17.25
152,4,54.88,49.21
152,5,200.62,161.96
152,6,542.25,294.45
152,7,119.62,57.39
153,1,0.00,0.00
153,2,0.17,0.41
153,3,29.17,27.52
153,4,176.00,101.22
153,5,648.83,986.95
153,6,2177.50,3170.42
153,7,1154.17,1555.07
154,1,0.33,0.52
154,2,5.83,6.62
154,3,108.17,44.15
154,4,152.67,93.95
154,5,465.83,200.77
154,6,481.50,227.45
154,7,77.17,38.48
155,1,0.00,0.00
155,2,0.00,0.00
155,3,23.43,15.70
155,4,46.57,26.26
155,5,203.00,96.69
155,6,366.29,218.74
155,7,86.86,44.28
156,1,5.80,11.32
156,2,42.80,32.87
156,3,121.20,92.87
156,4,456.00,276.88
156,5,1171.20,1537.25
156,6,1578.20,1642.30
156,7,273.60,253.62
157,1,1.00,2.45
157,2,15.83,35.41
157,3,43.67,59.94
157,4,103.67,130.59
157,5,669.33,734.05
157,6,1206.33,910.28
157,7,149.17,122.77
158,1,0.17,0.41
158,2,0.00,0.00
158,3,78.67,106.64
158,4,220.00,268.17
158,5,786.50,851.24
158,6,2332.00,1519.59
158,7,428.83,280.56
159,1,0.83,1.33
159,2,6.00,6.48
159,3,89.83,136.35
159,4,41.50,48.38
159,5,234.17,142.79
159,6,454.17,147.51
159,7,90.50,55.74
160,1,1.14,3.02
160,2,39.00,71.40
160,3,89.14,59.66
160,4,182.43,256.25
160,5,1417.86,2489.08
160,6,4003.43,6740.77
160,7,834.14,1433.22
161,1,7.80,11.14
161,2,49.00,44.48
161,3,111.80,89.90
161,4,292.80,222.82
161,5,1158.40,1528.85
161,6,1674.00,1640.96
161,7,282.20,253.71
162,1,0.40,0.89
162,2,48.20,84.87
162,3,102.80,132.17
162,4,82.60,76.93
162,5,335.20,387.88
162,6,1151.80,1439.36
162,7,294.80,304.07
163,1,0.00,0.00
163,2,9.80,10.03
163,3,63.60,54.83
163,4,130.80,45.83
163,5,671.40,270.90
163,6,1930.20,583.93
163,7,428.20,170.14
164,1,0.00,0.00
164,2,0.14,0.38
164,3,23.14,26.53
164,4,72.00,30.69
164,5,149.71,116.00
164,6,1084.71,746.58
164,7,343.86,172.06
165,1,1.80,2.95
165,2,110.80,219.66
165,3,347.40,410.46
165,4,430.00,522.64
165,5,1374.40,1600.28
165,6,1573.60,2120.56
165,7,277.00,401.26
166,1,0.40,0.89
166,2,17.20,24.26
166,3,67.40,41.52
166,4,229.20,282.96
166,5,696.60,953.48
166,6,2501.20,2943.76
166,7,348.80,293.50
167,1,0.00,0.00
167,2,2.33,2.34
167,3,26.67,25.14
167,4,47.67,53.05
167,5,391.83,340.90
167,6,815.00,1076.91
167,7,127.33,154.07
168,1,0.17,0.41
168,2,32.67,24.81
168,3,143.33,215.79
168,4,683.00,1094.57
168,5,1777.00,2840.02
168,6,4213.33,6292.71
168,7,916.83,1250.37
169,1,0.00,0.00
169,2,0.17,0.41
169,3,4.83,7.91
169,4,28.17,29.01
169,5,281.50,254.96
169,6,1049.83,1011.88
169,7,194.83,163.47
170,1,0.00,0.00
170,2,5.20,9.98
170,3,81.60,28.69
170,4,122.80,44.35
170,5,571.00,289.83
170,6,1402.20,620.91
170,7,230.40,178.47
171,1,0.50,1.22
171,2,5.17,4.26
171,3,37.83,22.83
171,4,48.17,26.33
171,5,168.33,73.52
171,6,848.50,225.31
171,7,223.00,82.88
172,1,1.17,2.86
172,2,10.17,12.34
172,3,85.00,26.37
172,4,213.00,137.89
172,5,1573.83,1415.46
172,6,5443.00,5272.28
172,7,1315.00,1249.70
173,1,2.40,2.88
173,2,26.00,38.39
173,3,102.20,67.27
173,4,243.80,153.54
173,5,2203.40,3257.69
173,6,3576.80,4884.62
173,7,354.80,515.71
175,1,0.33,0.52
175,2,2.17,4.02
175,3,32.67,43.61
175,4,85.50,53.77
175,5,997.50,575.30
175,6,1999.50,1356.45
175,7,545.83,482.54
177,1,0.00,0.00
177,2,2.00,3.46
177,3,12.67,13.87
177,4,129.00,27.73
177,5,1280.33,733.81
177,6,1978.00,724.12
177,7,508.33,235.53
178,1,0.00,0.00
178,2,23.00,19.40
178,3,80.20,105.73
178,4,99.00,137.26
178,5,444.40,577.35
178,6,864.00,1280.28
178,7,163.60,221.24
179,1,0.75,0.96
179,2,18.00,26.72
179,3,105.25,60.70
179,4,228.25,132.68
179,5,1603.25,751.32
179,6,3816.25,2978.21
179,7,770.25,746.82
180,1,0.57,1.51
180,2,15.00,22.63
180,3,30.86,60.77
180,4,267.57,438.64
180,5,4542.29,7694.28
180,6,9837.14,15638.30
180,7,1758.57,2605.99
181,1,0.00,0.00
181,2,14.75,16.64
181,3,119.00,87.97
181,4,180.50,53.76
181,5,548.00,218.73
181,6,1929.25,824.17
181,7,455.00,93.48
182,1,0.75,2.12
182,2,11.75,30.83
182,3,78.12,55.61
182,4,128.88,82.86
182,5,535.62,289.81
182,6,1582.00,1029.40
182,7,166.62,120.88
183,1,2.60,5.27
183,2,25.00,54.79
183,3,113.00,181.25
183,4,214.00,380.65
183,5,835.00,1417.98
183,6,5401.00,9977.00
183,7,2053.80,3467.71
184,1,0.29,0.49
184,2,81.71,166.48
184,3,89.29,144.40
184,4,285.14,207.10
184,5,827.43,1132.82
184,6,1137.86,1255.89
184,7,220.43,192.50
185,1,4.50,5.20
185,2,241.75,266.70
185,3,447.75,509.67
185,4,1148.00,1467.41
185,5,2777.25,3779.36
185,6,2940.75,3459.84
185,7,523.75,625.10
186,1,7.00,12.12
186,2,1007.67,1728.04
186,3,3067.67,5270.94
186,4,2946.33,5011.45
186,5,2039.00,3089.47
186,6,2033.33,2586.47
186,7,339.33,429.24
187,1,0.83,2.04
187,2,49.83,69.92
187,3,121.00,85.08
187,4,100.00,89.97
187,5,388.33,521.74
187,6,767.00,717.17
187,7,172.83,112.66
188,1,0.43,0.79
188,2,68.71,171.27
188,3,105.86,140.36
188,4,209.00,111.78
188,5,931.14,789.36
188,6,1369.43,941.71
188,7,326.71,284.03
189,1,1.43,2.94
189,2,9.43,11.90
189,3,45.14,32.48
189,4,213.86,165.00
189,5,430.14,310.86
189,6,691.71,572.95
189,7,202.00,174.88
190,1,0.83,2.04
190,2,22.33,21.00
190,3,98.33,62.95
190,4,167.33,158.05
190,5,2331.00,2835.68
190,6,3711.67,4249.28
190,7,361.33,451.81
191,1,0.00,0.00
191,2,13.60,23.82
191,3,10.20,4.32
191,4,32.00,32.34
191,5,199.00,81.19
191,6,426.60,142.77
191,7,86.20,42.54
192,1,0.17,0.41
192,2,13.83,16.69
192,3,87.83,84.30
192,4,315.17,417.04
192,5,1583.83,1204.74
192,6,4338.50,2151.50
192,7,1043.17,621.61
193,1,2.21,6.62
193,2,12.43,28.01
193,3,124.00,218.02
193,4,321.57,528.48
193,5,1257.36,1857.59
193,6,2922.71,3800.12
193,7,784.21,1241.35
194,1,2.62,6.63
194,2,33.12,40.35
194,3,119.75,112.16
194,4,228.25,149.81
194,5,797.38,441.25
194,6,1912.88,1076.68
194,7,506.62,203.32
195,1,1.33,2.80
195,2,113.33,195.64
195,3,252.33,395.73
195,4,296.00,480.29
195,5,933.17,1552.52
195,6,1231.83,1999.32
195,7,228.50,372.41
196,1,0.00,0.00
196,2,5.80,6.38
196,3,45.80,40.89
196,4,67.80,44.39
196,5,197.00,197.33
196,6,441.40,257.27
196,7,101.80,53.27
197,1,0.17,0.41
197,2,4.50,11.02
197,3,30.33,25.77
197,4,130.67,116.26
197,5,102.17,66.20
197,6,369.17,173.17
197,7,209.00,142.81
198,1,0.00,0.00
198,2,6.33,14.56
198,3,77.33,86.24
198,4,97.67,86.76
198,5,470.67,307.01
198,6,1807.33,1115.73
198,7,302.50,210.65
199,1,0.00,0.00
199,2,0.00,0.00
199,3,7.00,8.43
199,4,85.80,43.29
199,5,123.20,90.64
199,6,260.80,463.94
199,7,56.80,93.43
200,1,0.00,0.00
200,2,0.33,0.52
200,3,46.33,63.67
200,4,95.00,102.18
200,5,772.67,508.78
200,6,1073.00,850.09
200,7,112.83,130.87
201,1,0.00,0.00
201,2,1.20,1.30
201,3,33.60,25.73
201,4,97.60,19.35
201,5,339.40,132.45
201,6,1495.00,595.13
201,7,332.20,116.23
202,1,0.00,0.00
202,2,1.80,2.49
202,3,34.80,8.58
202,4,99.00,119.64
202,5,316.20,225.35
202,6,386.00,327.22
202,7,0.00,0.00
203,1,7.20,8.76
203,2,618.60,1333.10
203,3,1865.80,4074.30
203,4,1841.00,3852.88
203,5,1852.40,2144.48
203,6,2135.20,1880.75
203,7,403.80,343.53
204,1,0.00,0.00
204,2,0.00,0.00
204,3,37.60,33.07
204,4,84.40,53.28
204,5,277.20,155.53
204,6,1314.00,769.43
204,7,241.00,79.81
205,1,0.88,2.10
205,2,24.00,36.67
205,3,74.25,51.63
205,4,184.50,89.83
205,5,888.25,587.92
205,6,2097.25,1372.93
205,7,424.88,257.07
206,1,4.00,8.78
206,2,17.60,28.69
206,3,96.47,125.60
206,4,286.40,238.28
206,5,1300.40,1470.47
206,6,3339.07,5002.23
206,7,743.07,1253.33
207,1,8.00,17.89
207,2,41.20,33.97
207,3,135.00,107.11
207,4,600.80,712.69
207,5,1099.80,1017.52
207,6,1561.60,1184.46
207,7,373.40,320.03
208,1,0.14,0.38
208,2,16.14,18.33
208,3,258.57,227.11
208,4,677.71,986.82
208,5,1776.71,2535.29
208,6,3804.71,5730.99
208,7,834.43,1103.26
209,1,5.00,11.18
209,2,73.80,86.72
209,3,114.80,104.16
209,4,94.40,68.62
209,5,325.40,409.41
209,6,1290.80,1420.95
209,7,246.40,302.23
210,1,0.80,1.30
210,2,40.20,19.78
210,3,215.80,213.51
210,4,709.20,1172.23
210,5,2136.80,2984.50
210,6,4598.80,6804.38
210,7,948.00,1330.53
211,1,0.00,0.00
211,2,16.00,17.51
211,3,90.20,47.48
211,4,133.20,49.16
211,5,1160.80,589.83
211,6,1813.60,631.24
211,7,175.80,63.85
213,1,0.11,0.33
213,2,0.22,0.44
213,3,9.22,16.40
213,4,49.67,54.36
213,5,172.11,244.66
213,6,224.44,290.11
213,7,28.44,56.17
214,1,3.44,6.58
214,2,17.44,26.83
214,3,26.67,52.26
214,4,147.67,172.12
214,5,1217.67,1290.39
214,6,3249.11,4516.28
214,7,754.00,1094.63
215,1,0.17,0.41
215,2,4.67,9.50
215,3,33.50,36.35
215,4,99.00,78.26
215,5,161.00,96.69
215,6,322.83,315.31
215,7,103.50,64.96
216,1,0.17,0.41
216,2,0.17,0.41
216,3,26.50,19.46
216,4,72.83,30.51
216,5,71.00,49.85
216,6,289.50,197.99
216,7,133.00,79.16
217,1,0.00,0.00
217,2,4.50,4.80
217,3,102.00,101.31
217,4,137.00,74.73
217,5,456.75,436.05
217,6,1139.75,1116.61
217,7,357.25,270.54
218,1,0.33,0.58
218,2,0.00,0.00
218,3,0.00,0.00
218,4,24.00,18.36
218,5,64.67,108.56
218,6,123.67,206.43
218,7,12.33,21.36
219,1,0.40,0.89
219,2,17.00,23.92
219,3,68.60,52.32
219,4,141.40,115.22
219,5,911.00,789.55
219,6,1974.20,1963.12
219,7,324.60,381.08
220,1,0.00,0.00
220,2,0.00,0.00
220,3,9.00,12.73
220,4,99.00,16.97
220,5,117.00,76.37
220,6,69.00,22.63
220,7,23.50,23.33
221,1,4.50,3.54
221,2,47.50,44.55
221,3,16.50,12.02
221,4,120.00,48.08
221,5,512.50,89.80
221,6,2275.00,857.01
221,7,726.00,21.21
222,1,2.00,4.47
222,2,31.57,48.51
222,3,80.57,157.43
222,4,168.00,324.00
222,5,691.43,1195.44
222,6,4068.00,8464.21
222,7,1482.57,2973.71
223,1,0.00,0.00
223,2,0.20,0.45
223,3,8.40,18.78
223,4,17.80,30.57
223,5,186.40,336.32
223,6,562.60,1064.40
223,7,19.20,29.47
224,1,0.00,0.00
224,2,0.00,0.00
224,3,9.50,11.00
224,4,33.75,31.57
224,5,394.25,539.00
224,6,1326.00,2410.96
224,7,190.00,352.80
225,1,0.00,0.00
225,2,7.75,10.97
225,3,42.75,21.05
225,4,327.00,170.56
225,5,601.00,232.11
225,6,862.75,468.74
225,7,257.00,73.92
226,1,0.40,0.55
226,2,18.20,34.59
226,3,39.40,25.70
226,4,84.40,43.50
226,5,956.40,852.60
226,6,2289.20,2012.74
226,7,676.00,1104.56
228,1,0.00,0.00
228,2,40.00,22.63
228,3,632.00,366.28
228,4,2231.00,922.07
228,5,8561.50,2042.83
228,6,9594.00,1890.80
228,7,1039.00,374.77
229,1,0.00,0.00
229,2,1.88,2.17
229,3,35.25,54.08
229,4,60.88,71.92
229,5,461.12,661.19
229,6,640.75,672.89
229,7,140.12,106.35
230,1,2.00,4.90
230,2,31.17,47.56
230,3,112.00,175.44
230,4,217.00,356.05
230,5,887.83,1329.32
230,6,4601.17,9185.97
230,7,1516.83,3280.16
231,1,1.50,3.67
231,2,57.00,108.34
231,3,144.83,299.05
231,4,252.33,461.53
231,5,674.67,848.05
231,6,1330.50,1269.01
231,7,239.33,224.69
232,1,0.80,0.84
232,2,29.40,36.90
232,3,78.00,80.96
232,4,485.60,574.23
232,5,5459.20,5443.59
232,6,12287.60,12857.40
232,7,2212.60,1931.32
233,1,0.29,0.49
233,2,2.43,4.39
233,3,53.14,57.42
233,4,140.14,216.41
233,5,1487.57,1704.65
233,6,3889.29,3224.64
233,7,1021.71,765.37
234,1,0.00,0.00
234,2,1.25,2.50
234,3,22.25,22.59
234,4,62.75,45.15
234,5,387.00,182.47
234,6,309.00,246.71
234,7,97.50,112.66
235,1,1.20,1.30
235,2,14.80,24.99
235,3,76.80,69.39
235,4,484.20,573.02
235,5,4583.20,5115.33
235,6,11175.80,9715.82
235,7,1863.00,960.77
236,1,0.00,0.00
236,2,2.00,1.79
236,3,43.17,25.34
236,4,61.33,69.28
236,5,566.33,754.52
236,6,1655.17,2710.97
236,7,392.67,653.21
237,1,4.53,10.25
237,2,40.73,30.64
237,3,221.53,260.11
237,4,1297.00,1356.56
237,5,4159.80,3705.34
237,6,6988.87,8643.68
237,7,1396.60,1622.52
238,1,3.38,8.77
238,2,28.25,68.34
238,3,170.12,175.93
238,4,105.62,88.85
238,5,403.38,289.78
238,6,1054.38,1141.56
238,7,193.00,241.95
239,1,0.00,0.00
239,2,0.00,0.00
239,3,0.80,1.30
239,4,51.40,29.97
239,5,14.60,27.25
239,6,52.20,40.01
239,7,13.00,17.61
240,1,1.50,3.21
240,2,34.67,43.34
240,3,124.33,123.15
240,4,234.33,125.04
240,5,618.17,553.04
240,6,1034.83,836.95
240,7,160.00,104.48
241,1,6.71,7.30
241,2,28.86,39.06
241,3,33.71,50.90
241,4,174.14,133.61
241,5,925.14,377.03
241,6,2337.43,1231.88
241,7,487.00,288.66
242,1,0.00,0.00
242,2,1.00,2.00
242,3,22.75,21.22
242,4,213.50,136.93
242,5,459.75,356.90
242,6,1246.25,958.98
242,7,282.75,328.25
243,1,0.57,1.13
243,2,25.71,22.63
243,3,164.86,139.83
243,4,344.29,245.22
243,5,1679.86,1198.76
243,6,3419.14,2868.28
243,7,712.29,576.33
244,1,0.38,1.06
244,2,10.38,18.09
244,3,84.62,66.27
244,4,208.12,205.97
244,5,775.50,1065.91
244,6,3061.38,3917.55
244,7,861.88,1221.99
246,1,2.50,3.54
246,2,84.50,112.43
246,3,441.50,576.29
246,4,2475.50,3343.91
246,5,5127.50,6552.76
246,6,5106.00,6740.14
246,7,1099.50,1494.12
247,1,0.00,0.00
247,2,21.67,24.78
247,3,35.00,38.24
247,4,25.33,32.93
247,5,165.83,78.62
247,6,443.83,281.87
247,7,98.17,49.42
248,1,0.00,0.00
248,2,0.00,0.00
248,3,0.40,0.89
248,4,5.00,3.74
248,5,118.40,52.85
248,6,416.20,160.39
248,7,101.40,39.58
249,1,0.00,0.00
249,2,0.00,0.00
249,3,146.50,10.61
249,4,326.50,255.27
249,5,1249.00,554.37
249,6,1908.00,1107.33
249,7,168.00,11.31
250,1,0.00,0.00
250,2,0.00,0.00
250,3,4.00,7.87
250,4,21.20,29.72
250,5,256.40,400.32
250,6,815.40,1330.57
250,7,228.80,394.48
251,1,0.00,0.00
251,2,5.00,0.00
251,3,34.00,0.00
251,4,111.00,0.00
251,5,494.00,0.00
251,6,340.00,0.00
251,7,43.00,0.00
252,1,1.33,3.27
252,2,13.67,31.09
252,3,61.17,76.95
252,4,74.83,80.75
252,5,282.33,266.73
252,6,731.17,1073.59
252,7,172.00,228.63
253,1,0.25,0.50
253,2,56.50,92.95
253,3,268.00,449.49
253,4,1029.25,1441.31
253,5,3239.25,4928.12
253,6,7556.50,11888.63
253,7,1432.25,2037.52
254,1,0.00,0.00
254,2,2.20,3.03
254,3,86.40,55.77
254,4,200.40,94.19
254,5,830.80,579.80
254,6,2840.20,769.19
254,7,350.40,149.92
255,1,0.00,0.00
255,2,0.25,0.50
255,3,115.75,142.35
255,4,156.75,128.94
255,5,483.75,493.18
255,6,966.75,977.10
255,7,193.75,230.38
256,1,0.00,0.00
256,2,1.67,2.42
256,3,81.50,129.52
256,4,291.33,508.67
256,5,2753.67,5386.10
256,6,3084.67,5178.12
256,7,703.50,1449.90
257,1,0.80,1.10
257,2,1.20,1.79
257,3,43.40,46.28
257,4,120.00,101.98
257,5,958.40,938.06
257,6,1404.20,1178.40
257,7,354.40,330.10
258,1,3.00,6.87
258,2,192.00,345.77
258,3,221.00,425.52
258,4,563.00,631.35
258,5,1138.67,1339.01
258,6,1863.67,2182.61
258,7,408.83,617.64
259,1,0.60,1.34
259,2,2.00,4.47
259,3,27.00,17.92
259,4,200.00,331.21
259,5,1724.40,2220.93
259,6,5354.00,5859.38
259,7,1063.40,778.19
260,1,0.14,0.38
260,2,27.86,70.22
260,3,39.14,30.50
260,4,135.00,118.06
260,5,350.00,386.21
260,6,1210.14,1291.69
260,7,334.71,285.65
261,1,0.00,0.00
261,2,3.33,5.77
261,3,26.00,17.52
261,4,76.00,54.56
261,5,595.00,508.32
261,6,1997.33,1315.71
261,7,359.67,57.74
262,1,0.00,0.00
262,2,1.20,1.30
262,3,33.20,45.14
262,4,53.60,45.31
262,5,357.60,287.79
262,6,790.40,386.37
262,7,173.60,156.23
263,1,1.00,2.00
263,2,7.50,10.78
263,3,51.00,28.08
263,4,174.00,104.00
263,5,1010.83,570.43
263,6,2683.83,2240.13
263,7,436.33,445.41
264,1,0.00,0.00
264,2,0.00,0.00
264,3,26.50,37.48
264,4,81.00,114.55
264,5,254.00,357.80
264,6,979.50,1378.15
264,7,300.00,424.26
265,1,7.00,16.42
265,2,242.29,530.73
265,3,401.71,729.85
265,4,244.86,436.06
265,5,621.14,885.44
265,6,1170.86,1994.52
265,7,286.71,461.90
266,1,0.00,0.00
266,2,0.75,0.96
266,3,15.25,13.79
266,4,65.50,44.11
266,5,357.50,246.19
266,6,602.50,96.18
266,7,199.00,12.03
267,1,0.00,0.00
267,2,0.14,0.38
267,3,10.43,9.81
267,4,85.14,111.00
267,5,537.43,935.09
267,6,1841.00,2996.60
267,7,901.71,1498.36
268,1,0.00,0.00
268,2,2.60,4.22
268,3,16.40,18.12
268,4,59.00,31.34
268,5,317.60,253.19
268,6,1397.20,944.18
268,7,387.80,221.72
269,1,7.00,16.42
269,2,240.86,531.29
269,3,380.29,739.02
269,4,249.00,435.18
269,5,638.57,886.23
269,6,1298.29,1929.63
269,7,311.71,448.95
270,1,4.50,7.94
270,2,15.17,17.85
270,3,140.00,162.69
270,4,470.33,524.80
270,5,1999.33,1533.72
270,6,3250.83,2334.00
270,7,712.83,447.99
271,1,0.50,1.00
271,2,5.50,8.54
271,3,30.00,42.43
271,4,111.75,145.56
271,5,516.50,612.71
271,6,1299.75,1871.58
271,7,310.75,449.46
272,1,0.00,0.00
272,2,0.14,0.38
272,3,15.29,21.06
272,4,26.00,30.03
272,5,352.29,468.21
272,6,1221.43,1858.47
272,7,131.57,264.50
273,1,0.00,0.00
273,2,9.50,17.67
273,3,95.25,98.32
273,4,220.75,188.07
273,5,775.00,520.92
273,6,2610.75,2545.03
273,7,748.75,683.74
274,1,0.25,0.50
274,2,146.00,212.98
274,3,162.50,175.62
274,4,528.00,577.99
274,5,732.75,402.32
274,6,737.50,432.71
274,7,149.25,167.77
275,1,0.00,0.00
275,2,2.20,2.59
275,3,30.80,29.22
275,4,62.40,97.19
275,5,273.80,165.08
275,6,658.40,897.39
275,7,183.20,314.39
276,1,0.33,0.52
276,2,45.50,74.73
276,3,260.83,401.18
276,4,1015.50,1498.30
276,5,3160.17,4610.04
276,6,7390.00,10790.34
276,7,1360.00,1942.15
277,1,0.00,0.00
277,2,0.12,0.35
277,3,16.50,18.79
277,4,29.38,31.55
277,5,215.00,267.10
277,6,500.88,832.03
277,7,30.62,54.60
278,1,0.12,0.35
278,2,0.12,0.35
278,3,15.62,25.40
278,4,81.88,86.79
278,5,278.75,416.14
278,6,676.62,1528.81
278,7,72.12,132.97
279,1,0.00,0.00
279,2,0.25,0.50
279,3,48.50,81.26
279,4,80.25,63.52
279,5,464.25,402.79
279,6,595.00,555.70
279,7,21.25,42.50
280,1,1.50,1.87
280,2,57.17,32.54
280,3,56.50,66.97
280,4,610.83,856.84
280,5,2997.00,3141.41
280,6,3000.00,2488.11
280,7,395.17,190.36
281,1,1.33,3.27
281,2,12.83,31.44
281,3,47.00,59.32
281,4,50.83,63.46
281,5,172.50,304.21
281,6,641.67,1115.85
281,7,179.67,226.73
282,1,2.00,0.00
282,2,1.00,0.00
282,3,42.00,0.00
282,4,31.00,0.00
282,5,294.00,0.00
282,6,607.00,0.00
282,7,72.00,0.00
283,1,0.00,0.00
283,2,18.67,32.36
283,3,80.50,91.47
283,4,147.17,115.74
283,5,263.33,207.06
283,6,391.67,337.03
283,7,103.67,52.63
284,1,0.00,0.00
284,2,7.17,14.18
284,3,79.33,95.20
284,4,102.33,94.57
284,5,309.17,237.39
284,6,1187.50,771.15
284,7,202.33,184.47
285,1,0.40,0.89
285,2,21.40,25.92
285,3,154.00,221.90
285,4,57.60,64.61
285,5,234.20,209.30
285,6,429.00,392.61
285,7,74.00,51.00
286,1,0.00,0.00
286,2,0.20,0.45
286,3,17.80,13.08
286,4,121.00,141.83
286,5,643.20,1119.44
286,6,2120.80,3535.16
286,7,1162.20,1716.52
287,1,0.20,0.45
287,2,5.60,6.95
287,3,49.80,29.47
287,4,143.60,66.52
287,5,847.60,659.90
287,6,2080.60,1204.96
287,7,266.00,161.31
288,1,0.00,0.00
288,2,0.00,0.00
288,3,1.25,1.26
288,4,0.75,1.50
288,5,8.25,10.63
288,6,103.50,150.74
288,7,19.25,29.97
289,1,2.40,3.91
289,2,14.00,24.11
289,3,28.20,33.00
289,4,288.20,383.51
289,5,4458.20,5775.34
289,6,10897.80,13220.16
289,7,1775.60,2174.81
290,1,0.33,0.58
290,2,0.33,0.58
290,3,22.00,31.43
290,4,41.67,38.07
290,5,436.33,682.73
290,6,1502.67,2529.32
290,7,124.33,209.32
291,1,0.00,0.00
291,2,0.00,0.00
291,3,0.17,0.41
291,4,11.50,18.88
291,5,147.83,312.56
291,6,223.17,190.04
291,7,67.50,109.85
292,1,0.00,0.00
292,2,0.00,0.00
292,3,0.25,0.50
292,4,1.50,2.38
292,5,26.25,41.60
292,6,41.50,47.26
292,7,25.25,44.59
293,1,0.00,0.00
293,2,0.00,0.00
293,3,9.33,16.95
293,4,26.50,39.26
293,5,162.17,308.67
293,6,492.67,971.49
293,7,6.33,10.25
294,1,0.00,0.00
294,2,0.00,0.00
294,3,1.00,1.73
294,4,27.33,18.01
294,5,209.67,197.49
294,6,592.33,183.35
294,7,104.00,71.92
295,1,0.00,0.00
295,2,0.00,0.00
295,3,10.00,8.76
295,4,88.75,71.30
295,5,189.75,182.59
295,6,1270.25,1083.61
295,7,435.75,507.08
296,1,2.00,2.35
296,2,36.80,58.12
296,3,26.00,20.36
296,4,247.40,126.59
296,5,1685.80,1475.23
296,6,4297.20,3733.69
296,7,987.00,1106.07
297,1,3.38,6.23
297,2,46.25,52.12
297,3,29.62,55.36
297,4,163.12,208.44
297,5,1345.25,1425.77
297,6,3192.38,3748.58
297,7,776.75,964.36
298,1,0.17,0.41
298,2,96.67,181.74
298,3,114.67,156.34
298,4,187.33,99.40
298,5,325.00,169.15
298,6,718.17,271.61
298,7,199.67,118.26
299,1,0.14,0.38
299,2,84.71,168.88
299,3,111.43,141.36
299,4,194.14,83.45
299,5,365.29,173.75
299,6,764.43,287.72
299,7,196.29,120.63
300,1,17.00,20.42
300,2,59.33,36.50
300,3,353.67,349.03
300,4,2226.33,2181.87
300,5,2406.00,1617.85
300,6,2069.33,1284.85
300,7,645.33,497.93
301,1,0.00,0.00
301,2,3.25,1.50
301,3,51.50,9.54
301,4,49.50,9.11
301,5,226.00,86.85
301,6,1325.75,569.62
301,7,255.75,139.92
302,1,0.00,0.00
302,2,5.43,5.06
302,3,32.29,13.84
302,4,134.14,56.17
302,5,512.29,265.95
302,6,1056.86,592.85
302,7,233.57,163.35
303,1,0.67,1.21
303,2,6.00,4.98
303,3,33.33,28.97
303,4,135.00,141.04
303,5,320.00,257.21
303,6,769.17,480.74
303,7,225.50,166.00
304,1,1.80,3.03
304,2,42.80,34.78
304,3,72.00,38.15
304,4,289.60,239.47
304,5,1009.60,884.65
304,6,3371.40,2842.91
304,7,529.80,371.57
305,1,0.12,0.35
305,2,33.38,72.48
305,3,50.25,47.89
305,4,150.88,260.22
305,5,759.62,1260.67
305,6,1916.25,3198.19
305,7,385.50,604.60
306,1,0.00,0.00
306,2,4.25,4.79
306,3,32.25,24.80
306,4,48.50,11.68
306,5,185.25,90.09
306,6,697.25,531.57
306,7,119.00,103.31
307,1,0.71,1.89
307,2,16.57,26.20
307,3,77.71,50.71
307,4,111.43,168.52
307,5,361.29,508.17
307,6,1274.00,1312.83
307,7,342.86,367.75
308,1,0.25,0.50
308,2,117.00,226.67
308,3,132.00,188.20
308,4,225.75,96.42
308,5,403.00,154.33
308,6,976.50,360.27
308,7,251.50,119.58
309,1,0.83,1.33
309,2,6.00,7.38
309,3,27.67,34.98
309,4,245.17,298.86
309,5,1861.67,2279.51
309,6,4796.50,5794.28
309,7,807.50,845.62
310,1,0.10,0.32
310,2,1.00,1.49
310,3,17.40,21.89
310,4,53.60,69.12
310,5,207.50,118.63
310,6,875.90,581.20
310,7,421.30,418.71
311,1,0.00,0.00
311,2,1.25,2.50
311,3,111.25,201.98
311,4,300.00,441.32
311,5,4136.00,4297.69
311,6,7693.00,6965.59
311,7,1079.50,1355.78
312,1,9.75,11.84
312,2,66.50,46.26
312,3,123.75,117.60
312,4,449.75,256.00
312,5,1252.75,1744.64
312,6,1856.00,1800.37
312,7,272.50,296.66
313,1,4.40,9.29
313,2,608.20,1338.75
313,3,1904.20,4052.78
313,4,1828.80,3859.73
313,5,1393.00,2360.87
313,6,1305.20,2078.99
313,7,219.40,343.99
314,1,0.00,0.00
314,2,16.00,19.00
314,3,44.67,25.03
314,4,102.00,109.28
314,5,656.00,860.10
314,6,1100.00,1194.05
314,7,172.67,147.76
315,1,0.50,1.22
315,2,8.17,17.17
315,3,52.17,34.83
315,4,255.17,243.85
315,5,2029.67,2472.84
315,6,6383.67,6897.19
315,7,1393.00,1646.90
316,1,0.00,0.00
316,2,9.60,19.83
316,3,42.20,66.48
316,4,72.80,49.25
316,5,578.60,669.59
316,6,1085.00,805.35
316,7,146.00,59.47
317,1,0.00,0.00
317,2,0.50,0.84
317,3,13.50,10.82
317,4,87.67,110.51
317,5,520.00,1032.86
317,6,1890.33,3199.77
317,7,913.67,1594.10
319,1,2.33,2.88
319,2,40.83,11.05
319,3,152.67,113.21
319,4,1040.17,1197.05
319,5,1847.33,1836.25
319,6,2062.50,1571.35
319,7,473.50,360.15
320,1,0.11,0.33
320,2,7.00,10.50
320,3,52.67,45.13
320,4,101.67,56.81
320,5,638.89,528.54
320,6,1131.89,581.96
320,7,166.00,60.55
321,1,15.00,18.81
321,2,56.00,42.50
321,3,200.00,150.22
321,4,783.00,724.62
321,5,1277.00,1144.15
321,6,1369.50,1191.87
321,7,407.50,358.47
322,1,0.38,0.74
322,2,16.50,21.46
322,3,78.00,51.71
322,4,165.25,104.87
322,5,1031.62,673.53
322,6,2050.25,1480.52
322,7,298.12,289.89
323,1,0.00,0.00
323,2,0.00,0.00
323,3,13.33,15.28
323,4,53.00,34.70
323,5,401.67,351.57
323,6,626.33,412.89
323,7,97.33,74.77
324,1,0.00,0.00
324,2,3.00,3.07
324,3,35.88,28.46
324,4,89.88,69.57
324,5,439.12,309.37
324,6,1108.00,655.39
324,7,230.50,171.79
325,1,0.00,0.00
325,2,1.57,2.07
325,3,19.86,26.15
325,4,83.71,112.47
325,5,373.57,379.03
325,6,749.86,1036.91
325,7,90.29,143.19
326,1,0.00,0.00
326,2,8.80,15.35
326,3,100.40,99.76
326,4,140.60,141.09
326,5,687.40,802.25
326,6,1558.60,1128.40
326,7,246.00,218.82
327,1,0.00,0.00
327,2,1.00,2.65
327,3,19.00,16.57
327,4,72.11,87.76
327,5,503.44,534.98
327,6,1024.44,1136.22
327,7,60.33,85.15
328,1,0.00,0.00
328,2,0.00,0.00
328,3,61.75,77.74
328,4,182.25,223.17
328,5,375.75,148.48
328,6,507.00,66.26
328,7,240.75,56.93
329,1,0.00,0.00
329,2,5.71,8.26
329,3,95.86,51.51
329,4,109.43,70.06
329,5,504.57,301.58
329,6,1471.57,707.37
329,7,258.57,178.77
330,1,0.00,0.00
330,2,0.25,0.50
330,3,27.00,13.47
330,4,84.00,103.35
330,5,227.50,146.14
330,6,724.75,517.98
330,7,417.25,434.49
331,1,0.71,1.89
331,2,5.86,8.86
331,3,57.57,25.60
331,4,176.43,84.95
331,5,1135.43,395.26
331,6,2741.86,850.48
331,7,343.14,139.71
332,1,0.00,0.00
332,2,4.88,8.04
332,3,64.00,32.78
332,4,116.75,30.20
332,5,565.25,236.50
332,6,1691.12,788.74
332,7,265.75,139.96
333,1,0.14,0.38
333,2,11.71,30.12
333,3,18.29,16.46
333,4,117.71,107.83
333,5,375.14,676.22
333,6,1186.14,1994.12
333,7,458.71,966.70
334,1,0.71,1.25
334,2,80.00,187.97
334,3,177.14,353.76
334,4,234.71,480.62
334,5,647.43,1271.13
334,6,1062.00,1396.08
334,7,282.71,309.36
335,1,3.20,4.87
335,2,75.80,96.39
335,3,49.60,97.78
335,4,274.60,420.03
335,5,2394.80,2472.85
335,6,6389.80,7174.49
335,7,1701.20,2038.31
336,1,1.80,2.49
336,2,16.40,15.21
336,3,117.00,126.67
336,4,198.80,195.82
336,5,367.40,335.85
336,6,1103.60,652.44
336,7,286.20,184.54
337,1,2.83,4.22
337,2,34.33,20.50
337,3,194.50,281.65
337,4,1459.50,1982.16
337,5,1927.00,1927.35
337,6,1651.33,1543.96
337,7,461.00,445.64
338,1,0.50,1.00
338,2,3.25,6.50
338,3,38.00,36.00
338,4,131.00,140.36
338,5,459.25,471.21
338,6,447.75,206.52
338,7,112.50,93.92
339,1,1.00,1.55
339,2,15.00,29.76
339,3,27.67,43.46
339,4,159.00,228.76
339,5,1952.00,2033.02
339,6,4813.00,5011.39
339,7,1318.00,1260.23
340,1,0.50,1.22
340,2,4.00,4.20
340,3,49.33,51.63
340,4,251.67,278.47
340,5,2310.33,2004.31
340,6,6685.67,4919.00
340,7,1236.67,701.76
341,1,0.25,0.50
341,2,0.50,0.58
341,3,25.00,29.60
341,4,33.00,22.58
341,5,396.25,576.86
341,6,1288.50,2102.60
341,7,137.75,171.99
342,1,0.25,0.50
342,2,4.25,7.23
342,3,33.50,32.59
342,4,74.75,76.97
342,5,116.50,60.60
342,6,287.50,77.94
342,7,92.50,56.05
343,1,0.14,0.38
343,2,31.57,78.26
343,3,47.71,50.89
343,4,183.00,272.18
343,5,1029.14,1423.27
343,6,2178.29,3402.10
343,7,423.57,640.69
344,1,0.56,1.01
344,2,6.89,11.97
344,3,40.67,29.26
344,4,151.44,112.28
344,5,444.33,485.13
344,6,902.78,665.35
344,7,239.33,128.70
345,1,13.20,16.78
345,2,62.80,29.42
345,3,204.40,141.48
345,4,855.00,704.60
345,5,1734.40,1295.72
345,6,2027.60,1069.83
345,7,512.20,282.15
346,1,0.00,0.00
346,2,21.20,20.44
346,3,60.00,79.07
346,4,47.60,51.64
346,5,221.40,63.66
346,6,357.60,69.98
346,7,92.40,28.29
347,1,1.25,2.76
347,2,54.75,91.78
347,3,71.00,62.71
347,4,269.50,313.27
347,5,1756.25,2439.47
347,6,4714.62,6572.77
347,7,941.38,1391.14
348,1,1.20,2.17
348,2,52.80,75.94
348,3,85.40,67.46
348,4,220.60,138.18
348,5,525.20,327.34
348,6,1574.80,1044.48
348,7,552.60,349.92
350,1,0.20,0.45
350,2,102.40,198.64
350,3,128.00,164.88
350,4,224.00,134.10
350,5,505.40,262.95
350,6,1282.60,988.22
350,7,340.60,241.54
352,1,0.29,0.49
352,2,13.86,29.39
352,3,28.14,20.00
352,4,85.86,41.49
352,5,779.86,760.85
352,6,1922.29,1773.88
352,7,673.43,891.37
353,1,0.50,1.00
353,2,20.50,36.34
353,3,56.50,41.84
353,4,129.50,84.39
353,5,760.50,399.91
353,6,2712.00,1904.51
353,7,865.75,602.68
354,1,0.00,0.00
354,2,4.20,3.96
354,3,23.00,6.44
354,4,227.80,222.51
354,5,362.60,323.51
354,6,659.20,497.15
354,7,192.00,118.18
356,1,0.00,0.00
356,2,0.00,0.00
356,3,15.25,17.27
356,4,106.75,124.05
356,5,445.75,667.88
356,6,729.00,1199.10
356,7,59.00,118.00
357,1,1.33,2.16
357,2,0.00,0.00
357,3,314.00,400.53
357,4,787.00,905.56
357,5,3322.17,4690.41
357,6,5764.33,6510.90
357,7,989.00,1119.76
358,1,0.00,0.00
358,2,10.33,21.96
358,3,11.00,7.97
358,4,29.00,15.91
358,5,176.00,52.82
358,6,323.33,90.24
358,7,92.33,34.76
359,1,3.43,6.68
359,2,16.71,26.14
359,3,80.71,50.53
359,4,137.71,164.61
359,5,365.57,508.25
359,6,1265.57,1411.22
359,7,307.00,390.28
360,1,2.67,2.88
360,2,0.00,0.00
360,3,534.50,727.74
360,4,1375.00,1405.56
360,5,6055.00,6299.34
360,6,9329.83,7252.96
360,7,1456.50,1092.17
361,1,1.50,0.71
361,2,16.50,12.02
361,3,51.00,43.84
361,4,749.50,317.49
361,5,3513.50,1129.25
361,6,4408.50,859.13
361,7,891.50,177.48
362,1,4.67,8.02
362,2,52.56,47.82
362,3,65.89,89.69
362,4,312.78,158.57
362,5,3019.11,2227.92
362,6,4688.89,2839.62
362,7,849.56,791.97
363,1,0.00,0.00
363,2,0.00,0.00
363,3,4.67,8.08
363,4,87.67,43.15
363,5,191.67,38.55
363,6,497.33,537.92
363,7,104.67,108.14
364,1,0.00,0.00
364,2,0.20,0.45
364,3,1.00,2.24
364,4,77.80,39.05
364,5,97.00,74.75
364,6,200.40,185.11
364,7,40.20,32.55
365,1,1.25,2.50
365,2,68.50,46.31
365,3,186.25,230.52
365,4,127.75,54.19
365,5,298.75,112.03
365,6,553.25,227.74
365,7,147.50,64.26
366,1,0.00,0.00
366,2,0.14,0.38
366,3,9.57,8.81
366,4,11.71,7.27
366,5,71.86,63.20
366,6,222.71,125.66
366,7,73.14,47.03
367,1,0.00,0.00
367,2,1.33,0.58
367,3,92.00,6.24
367,4,265.67,180.46
367,5,741.33,667.90
367,6,3411.67,2533.26
367,7,978.67,711.88
368,1,0.50,1.22
368,2,16.67,23.39
368,3,0.33,0.52
368,4,32.67,29.92
368,5,538.33,464.90
368,6,1822.33,959.34
368,7,396.33,189.08
369,1,1.00,1.83
369,2,61.57,66.95
369,3,125.00,120.76
369,4,218.00,149.29
369,5,985.00,1142.71
369,6,1441.86,1226.63
369,7,239.14,171.32
370,1,2.33,4.04
370,2,180.67,279.70
370,3,395.33,541.16
370,4,581.67,590.20
370,5,2242.00,1603.94
370,6,2862.00,2234.92
370,7,465.33,461.29
371,1,0.10,0.32
371,2,2.30,5.56
371,3,55.00,49.70
371,4,127.20,137.88
371,5,418.20,418.02
371,6,1805.80,1671.41
371,7,409.90,500.78
372,1,4.33,7.09
372,2,14.67,22.46
372,3,73.50,39.55
372,4,149.33,245.96
372,5,599.17,871.44
372,6,2116.83,2742.39
372,7,286.00,270.51
373,1,0.00,0.00
373,2,2.83,3.82
373,3,30.33,19.30
373,4,126.00,75.93
373,5,566.33,745.92
373,6,948.50,732.18
373,7,192.83,129.26
374,1,0.50,1.07
374,2,43.12,65.18
374,3,210.00,306.49
374,4,639.62,1032.80
374,5,2088.00,3459.18
374,6,4691.88,8369.80
374,7,926.50,1443.48
375,1,0.80,1.30
375,2,13.60,15.73
375,3,157.80,234.00
375,4,649.00,1203.39
375,5,2068.40,2992.38
375,6,5299.60,6388.32
375,7,1063.20,1257.03
376,1,0.40,0.55
376,2,9.20,11.30
376,3,171.00,161.67
376,4,273.60,227.43
376,5,773.00,509.97
376,6,771.60,388.29
376,7,117.20,55.45
377,1,0.00,0.00
377,2,0.00,0.00
377,3,22.25,31.35
377,4,231.25,176.18
377,5,571.50,753.36
377,6,1795.00,1059.70
377,7,453.00,290.89
378,1,0.75,1.50
378,2,6.50,9.11
378,3,30.50,14.06
378,4,107.75,77.06
378,5,279.75,198.81
378,6,286.00,65.00
378,7,91.00,40.97
379,1,2.50,5.00
379,2,12.25,23.84
379,3,17.50,24.96
379,4,46.25,74.20
379,5,454.25,729.72
379,6,967.25,1380.67
379,7,224.75,327.22
380,1,0.00,0.00
380,2,0.83,0.98
380,3,41.50,48.26
380,4,82.67,58.94
380,5,363.50,194.90
380,6,1633.50,929.21
380,7,281.00,174.79
381,1,1.00,2.24
381,2,14.57,32.40
381,3,55.86,39.99
381,4,115.43,71.51
381,5,560.14,251.96
381,6,1086.71,183.86
381,7,169.14,125.58
382,1,0.00,0.00
382,2,16.17,28.80
382,3,1.17,1.47
382,4,34.17,32.73
382,5,542.83,480.33
382,6,1535.83,914.77
382,7,399.00,137.57
383,1,0.25,0.50
383,2,6.75,13.50
383,3,25.25,16.13
383,4,182.00,73.74
383,5,203.25,180.37
383,6,848.75,553.71
383,7,502.50,305.18
384,1,0.00,0.00
384,2,2.00,4.00
384,3,19.17,12.83
384,4,140.33,102.33
384,5,317.50,426.41
384,6,1037.33,1083.47
384,7,248.50,254.03
385,1,0.29,0.76
385,2,12.43,20.24
385,3,88.29,28.45
385,4,154.43,90.28
385,5,1028.57,815.52
385,6,2820.71,2483.58
385,7,546.86,599.83
386,1,0.38,1.06
386,2,5.38,8.96
386,3,4.75,12.27
386,4,42.00,34.28
386,5,564.50,558.88
386,6,1493.50,1166.70
386,7,318.25,218.60
387,1,1.75,2.22
387,2,20.50,18.59
387,3,87.75,70.56
387,4,200.75,191.43
387,5,3060.00,3383.63
387,6,4518.25,5238.44
387,7,442.50,556.97
388,1,0.00,0.00
388,2,27.20,28.24
388,3,29.00,28.03
388,4,43.00,48.96
388,5,250.80,155.03
388,6,493.80,115.20
388,7,127.20,39.51
389,1,1.57,3.74
389,2,13.86,17.13
389,3,152.86,256.10
389,4,978.00,1616.73
389,5,1277.00,1207.97
389,6,1304.43,922.54
389,7,411.29,344.24
390,1,0.00,0.00
390,2,33.29,72.43
390,3,57.14,97.55
390,4,71.00,71.74
390,5,282.29,338.44
390,6,855.29,1255.84
390,7,204.57,265.17
391,1,0.20,0.63
391,2,0.50,1.08
391,3,16.00,18.08
391,4,55.50,56.11
391,5,226.80,79.37
391,6,423.80,321.60
391,7,108.60,86.01
392,1,0.00,0.00
392,2,3.33,8.16
392,3,56.50,50.21
392,4,217.67,88.84
392,5,671.83,470.60
392,6,2867.33,1402.07
392,7,769.83,437.76
393,1,0.00,0.00
393,2,2.50,5.00
393,3,18.50,17.14
393,4,95.25,39.33
393,5,484.25,476.65
393,6,2171.25,707.14
393,7,590.25,239.45
394,1,0.50,0.58
394,2,5.25,5.56
394,3,91.00,78.15
394,4,291.25,86.82
394,5,445.75,104.44
394,6,839.75,528.00
394,7,208.00,62.70
395,1,0.67,1.32
395,2,13.22,20.25
395,3,56.22,49.80
395,4,325.11,295.65
395,5,803.78,500.16
395,6,1765.33,1169.99
395,7,501.11,278.27
396,1,0.25,0.50
396,2,0.25,0.50
396,3,15.25,28.54
396,4,67.00,73.04
396,5,319.50,603.51
396,6,1119.25,2202.55
396,7,96.75,179.61
397,1,0.20,0.45
397,2,40.60,45.83
397,3,199.20,184.89
397,4,265.60,219.59
397,5,1018.80,635.96
397,6,1172.20,832.18
397,7,162.00,97.11
398,1,0.25,0.50
398,2,96.25,192.50
398,3,139.00,166.71
398,4,377.25,583.67
398,5,4249.00,7136.83
398,6,8510.00,13083.47
398,7,1141.50,1468.27
399,1,0.00,0.00
399,2,0.20,0.45
399,3,38.00,74.30
399,4,26.80,37.69
399,5,277.60,449.42
399,6,330.80,544.00
399,7,0.40,0.89
400,1,3.00,4.76
400,2,12.25,23.84
400,3,26.50,25.63
400,4,65.75,68.17
400,5,550.00,675.66
400,6,1110.75,1306.35
400,7,230.50,324.74
402,1,8.67,14.15
402,2,27.00,36.86
402,3,78.67,66.46
402,4,298.33,287.97
402,5,2082.00,2513.08
402,6,3409.67,3170.37
402,7,916.67,863.46
404,1,0.00,0.00
404,2,0.17,0.41
404,3,27.00,29.07
404,4,57.00,89.77
404,5,116.00,161.84
404,6,370.50,496.49
404,7,235.00,381.51
405,1,0.00,0.00
405,2,18.20,22.39
405,3,77.40,63.85
405,4,123.40,62.16
405,5,921.00,473.71
405,6,1604.80,545.60
405,7,183.00,40.33
406,1,0.00,0.00
406,2,18.50,30.39
406,3,38.50,13.77
406,4,161.50,87.24
406,5,652.50,549.35
406,6,1997.75,1773.35
406,7,584.75,316.99
407,1,0.00,0.00
407,2,0.00,0.00
407,3,6.60,8.71
407,4,71.00,28.15
407,5,120.60,108.01
407,6,341.60,435.56
407,7,79.40,84.04
408,1,0.00,0.00
408,2,20.00,34.28
408,3,163.88,275.10
408,4,391.62,599.26
408,5,1487.38,2107.06
408,6,2968.75,3408.97
408,7,661.38,869.26
409,1,0.00,0.00
409,2,0.14,0.38
409,3,19.57,28.48
409,4,67.71,48.95
409,5,335.29,275.97
409,6,1597.57,1402.30
409,7,276.00,131.52
410,1,0.00,0.00
410,2,0.00,0.00
410,3,8.33,8.50
410,4,278.33,225.90
410,5,1021.33,628.68
410,6,1958.67,1124.81
410,7,376.67,172.44
411,1,1.67,2.42
411,2,20.67,18.03
411,3,242.50,168.77
411,4,540.33,500.43
411,5,2155.50,1470.85
411,6,4199.50,3267.43
411,7,959.83,802.29
412,1,0.00,0.00
412,2,13.57,21.77
412,3,38.57,62.62
412,4,130.71,158.45
412,5,860.57,537.63
412,6,2292.43,1535.54
412,7,545.43,535.80
413,1,0.00,0.00
413,2,0.00,0.00
413,3,1.00,1.73
413,4,112.00,51.39
413,5,152.67,41.00
413,6,145.33,187.66
413,7,31.67,44.56
414,1,0.00,0.00
414,2,0.17,0.41
414,3,10.33,18.79
414,4,27.83,33.63
414,5,227.00,309.56
414,6,313.00,299.82
414,7,78.00,118.47
415,1,0.00,0.00
415,2,1.56,2.46
415,3,49.00,110.56
415,4,182.56,431.20
415,5,1795.11,4482.86
415,6,1780.56,4379.52
415,7,438.22,1205.24
416,1,0.00,0.00
416,2,1.00,1.41
416,3,28.00,31.44
416,4,62.00,67.53
416,5,577.00,445.85
416,6,1084.50,1320.95
416,7,116.50,177.06
417,1,5.80,10.23
417,2,204.80,380.73
417,3,3099.40,6027.98
417,4,9926.40,18803.02
417,5,12623.40,16353.37
417,6,11942.80,13648.57
417,7,1786.40,1858.21
418,1,0.00,0.00
418,2,0.29,0.76
418,3,92.29,144.40
418,4,233.71,344.44
418,5,1658.14,3250.08
418,6,2628.29,2440.17
418,7,295.43,196.27
419,1,0.00,0.00
419,2,0.11,0.33
419,3,2.78,4.60
419,4,85.33,50.54
419,5,95.44,79.05
419,6,236.89,357.13
419,7,48.22,71.43
420,1,0.67,2.00
420,2,6.00,8.32
420,3,48.44,52.89
420,4,61.89,55.51
420,5,133.67,119.92
420,6,577.22,603.03
420,7,118.67,121.89
421,1,0.14,0.38
421,2,32.71,77.81
421,3,52.43,48.53
421,4,238.71,253.16
421,5,901.71,1321.81
421,6,2273.00,3319.85
421,7,464.29,619.89
422,1,1.20,1.64
422,2,3.60,8.05
422,3,15.00,18.95
422,4,62.60,78.95
422,5,422.20,492.62
422,6,1205.80,1691.04
422,7,263.60,369.85
423,1,0.20,0.45
423,2,45.80,91.31
423,3,55.20,60.72
423,4,251.60,303.82
423,5,1038.20,1585.72
423,6,2529.20,4054.49
423,7,482.40,776.45
424,1,0.00,0.00
424,2,1.83,2.64
424,3,35.00,19.04
424,4,115.17,57.71
424,5,472.67,257.08
424,6,937.17,404.54
424,7,171.00,93.39
425,1,14.00,12.73
425,2,24.50,24.75
425,3,168.00,175.36
425,4,294.50,204.35
425,5,4348.50,95.46
425,6,7690.00,4758.83
425,7,1248.00,835.80
426,1,4.43,6.48
426,2,20.43,27.33
426,3,143.00,93.18
426,4,184.57,225.57
426,5,536.14,506.50
426,6,1654.86,1314.01
426,7,400.43,379.91
427,1,0.00,0.00
427,2,37.00,9.90
427,3,16.50,0.71
427,4,301.00,151.32
427,5,859.50,535.28
427,6,1922.50,41.72
427,7,506.50,20.51
428,1,0.00,0.00
428,2,28.17,40.98
428,3,53.50,50.56
428,4,425.17,512.98
428,5,513.67,452.39
428,6,574.50,376.69
428,7,79.50,25.62
429,1,0.00,0.00
429,2,0.17,0.41
429,3,49.83,62.28
429,4,150.00,88.88
429,5,620.00,527.05
429,6,948.50,936.50
429,7,80.50,102.79
430,1,3.17,5.00
430,2,36.17,49.96
430,3,54.17,98.85
430,4,131.17,128.74
430,5,307.17,226.61
430,6,739.83,566.82
430,7,149.00,95.47
431,1,0.25,0.50
431,2,0.75,0.50
431,3,24.75,26.25
431,4,30.25,13.18
431,5,589.75,521.59
431,6,1470.50,1998.13
431,7,144.25,177.01
432,1,0.00,0.00
432,2,5.83,8.45
432,3,1.50,2.51
432,4,25.33,32.02
432,5,502.50,496.18
432,6,1694.17,889.20
432,7,366.67,164.50
433,1,0.71,1.50
433,2,33.00,68.46
433,3,30.71,22.20
433,4,105.00,23.51
433,5,367.14,274.14
433,6,1414.00,962.80
433,7,451.86,247.02
434,1,7.80,10.26
434,2,66.00,28.93
434,3,23.80,24.83
434,4,219.40,241.19
434,5,1531.80,1313.26
434,6,2565.40,968.99
434,7,527.00,91.95
436,1,0.00,0.00
436,2,11.80,14.29
436,3,46.20,40.99
436,4,164.00,103.26
436,5,355.40,311.07
436,6,1156.00,1021.03
436,7,265.60,260.67
437,1,0.00,0.00
437,2,10.80,10.55
437,3,27.40,17.04
437,4,115.60,71.49
437,5,178.00,81.04
437,6,405.60,279.25
437,7,103.00,47.24
438,1,0.00,0.00
438,2,1.20,2.17
438,3,107.00,64.97
438,4,239.20,187.74
438,5,1121.40,737.39
438,6,2067.20,1076.28
438,7,242.00,154.58
439,1,1.60,3.58
439,2,15.40,34.44
439,3,44.20,61.16
439,4,42.60,67.55
439,5,237.60,314.01
439,6,790.00,1194.81
439,7,181.00,257.08
440,1,0.00,0.00
440,2,11.00,18.68
440,3,55.20,24.39
440,4,86.20,62.11
440,5,663.40,810.35
440,6,2136.80,2839.07
440,7,513.80,681.97
441,1,0.25,0.50
441,2,13.75,16.98
441,3,123.50,74.25
441,4,267.00,149.00
441,5,753.25,520.89
441,6,2981.75,2229.88
441,7,810.50,639.87
442,1,0.12,0.35
442,2,10.62,13.19
442,3,73.00,77.05
442,4,129.38,76.47
442,5,512.00,324.65
442,6,2018.25,918.06
442,7,515.50,288.58
443,1,1.00,2.45
443,2,17.67,34.70
443,3,110.83,69.67
443,4,209.83,85.67
443,5,978.17,597.70
443,6,2344.17,913.13
443,7,245.83,103.19
444,1,1.60,2.30
444,2,74.20,98.58
444,3,54.00,96.77
444,4,386.80,512.22
444,5,3568.00,4841.23
444,6,7680.80,10184.14
444,7,1545.80,1851.67
445,1,0.00,0.00
445,2,20.83,27.05
445,3,110.67,115.30
445,4,127.83,114.92
445,5,424.83,526.12
445,6,840.50,1161.74
445,7,175.50,201.41
446,1,6.43,16.57
446,2,232.14,533.30
446,3,463.00,703.61
446,4,633.29,1045.60
446,5,1628.71,2699.06
446,6,3417.00,6148.57
446,7,714.14,1230.16
447,1,5.86,8.19
447,2,494.00,1110.18
447,3,1486.86,3390.25
447,4,1519.29,3206.74
447,5,1382.29,2025.35
447,6,1594.43,1906.74
447,7,275.14,317.62
448,1,0.00,0.00
448,2,0.50,0.58
448,3,167.00,165.29
448,4,418.50,396.45
448,5,2866.75,4112.44
448,6,4704.75,2542.15
448,7,895.50,610.76
449,1,0.00,0.00
449,2,0.50,1.00
449,3,69.75,71.30
449,4,203.25,210.59
449,5,656.25,248.31
449,6,1133.50,1081.64
449,7,516.00,534.51
450,1,0.20,0.45
450,2,16.40,35.56
450,3,20.20,17.22
450,4,128.80,119.35
450,5,543.20,759.91
450,6,1776.40,2197.26
450,7,676.00,1109.43
451,1,0.00,0.00
451,2,0.00,0.00
451,3,8.00,9.49
451,4,20.25,21.28
451,5,70.50,63.96
451,6,275.75,286.93
451,7,60.00,83.72
452,1,0.00,0.00
452,2,0.00,0.00
452,3,0.67,1.15
452,4,11.67,14.22
452,5,19.00,9.17
452,6,42.33,52.37
452,7,0.67,0.58
455,1,0.40,0.89
455,2,18.80,36.00
455,3,60.60,109.23
455,4,220.00,280.78
455,5,194.20,254.99
455,6,395.00,395.64
455,7,70.00,60.58
456,1,5.17,9.83
456,2,26.00,35.98
456,3,44.67,57.00
456,4,181.50,231.36
456,5,1726.00,2167.96
456,6,3969.67,5453.96
456,7,1021.67,1385.00
457,1,0.25,0.50
457,2,3.25,1.71
457,3,53.00,25.99
457,4,136.25,60.25
457,5,952.75,670.04
457,6,1476.25,750.27
457,7,266.75,124.58
458,1,0.00,0.00
458,2,0.14,0.38
458,3,27.86,63.37
458,4,62.57,61.65
458,5,274.29,388.34
458,6,377.71,590.67
458,7,10.71,26.61
459,1,0.00,0.00
459,2,1.80,2.49
459,3,26.80,26.99
459,4,150.20,127.31
459,5,304.80,193.76
459,6,1132.40,813.13
459,7,304.60,341.95
460,1,0.50,0.58
460,2,23.75,37.06
460,3,83.00,78.66
460,4,275.25,348.23
460,5,3458.25,3946.46
460,6,8091.75,12135.31
460,7,1690.75,2203.50
461,1,0.50,0.58
461,2,0.50,0.58
461,3,22.75,28.18
461,4,35.00,10.42
461,5,541.00,555.14
461,6,1399.75,2041.64
461,7,101.50,177.13
462,1,7.25,11.84
462,2,7.50,7.42
462,3,115.00,97.61
462,4,271.75,63.50
462,5,1021.00,750.94
462,6,3885.00,4742.06
462,7,1421.75,1968.04
463,1,1.33,1.53
463,2,0.00,0.00
463,3,605.33,392.58
463,4,1588.00,650.75
463,5,7115.00,4428.59
463,6,10197.67,7399.04
463,7,1589.67,1444.91
464,1,8.00,10.13
464,2,14.25,18.57
464,3,102.25,126.63
464,4,270.75,121.23
464,5,2818.50,1771.01
464,6,5357.25,3937.02
464,7,861.75,657.89
465,1,0.00,0.00
465,2,7.40,9.26
465,3,11.80,16.27
465,4,38.20,24.73
465,5,220.80,105.68
465,6,1043.60,627.08
465,7,411.40,460.31
466,1,0.00,0.00
466,2,0.00,0.00
466,3,4.50,7.69
466,4,16.33,15.28
466,5,151.50,67.08
466,6,460.50,233.28
466,7,163.17,78.60
467,1,0.75,1.50
467,2,3.50,4.73
467,3,70.50,98.88
467,4,299.50,342.69
467,5,2139.75,2404.02
467,6,5949.50,6356.95
467,7,1002.25,843.05
468,1,1.29,3.40
468,2,2.14,4.85
468,3,20.57,27.17
468,4,112.43,150.41
468,5,2279.14,3770.31
468,6,7235.86,9921.00
468,7,1087.86,1468.61
469,1,0.00,0.00
469,2,0.50,1.22
469,3,20.00,16.38
469,4,90.83,77.99
469,5,176.33,159.49
469,6,714.50,497.52
469,7,414.17,295.78
470,1,0.14,0.38
470,2,4.71,9.93
470,3,17.43,14.81
470,4,63.57,98.64
470,5,121.14,156.09
470,6,434.71,325.14
470,7,219.57,280.15
471,1,0.00,0.00
471,2,11.57,14.06
471,3,71.71,87.71
471,4,54.00,35.06
471,5,141.57,80.62
471,6,464.43,216.37
471,7,160.71,98.33
472,1,4.75,5.56
472,2,7.75,7.54
472,3,26.75,13.77
472,4,193.50,81.06
472,5,1220.00,399.84
472,6,2821.75,1620.29
472,7,497.00,331.15
473,1,8.75,11.32
473,2,20.75,32.84
473,3,56.75,51.92
473,4,178.50,178.07
473,5,752.00,651.78
473,6,2613.25,3278.43
473,7,417.25,391.58
474,1,2.25,4.50
474,2,103.50,119.47
474,3,64.25,93.51
474,4,445.50,499.67
474,5,6393.50,6888.64
474,6,12480.75,12183.11
474,7,2399.25,2103.96
475,1,0.33,0.50
475,2,13.11,25.78
475,3,71.33,137.21
475,4,438.89,563.41
475,5,2627.89,2982.06
475,6,4964.67,8146.87
475,7,970.11,1537.74
476,1,1.00,1.29
476,2,24.86,36.03
476,3,86.86,81.57
476,4,223.43,201.67
476,5,459.14,297.37
476,6,477.43,453.04
476,7,103.71,94.11
477,1,0.20,0.45
477,2,0.40,0.89
477,3,20.60,34.74
477,4,48.80,76.93
477,5,97.40,76.05
477,6,169.60,160.19
477,7,58.20,66.33
478,1,6.00,7.07
478,2,99.00,22.63
478,3,84.00,90.51
478,4,387.50,340.12
478,5,740.00,425.68
478,6,1186.00,369.11
478,7,156.00,8.49
479,1,2.00,3.82
479,2,29.12,29.59
479,3,58.88,81.78
479,4,444.62,494.23
479,5,4137.88,4487.60
479,6,10689.88,9856.96
479,7,2094.00,2032.48
480,1,0.20,0.45
480,2,17.60,26.29
480,3,32.40,20.46
480,4,182.80,87.72
480,5,734.40,578.55
480,6,2158.80,1415.39
480,7,595.00,241.94
481,1,0.20,0.45
481,2,6.20,6.61
481,3,70.60,22.71
481,4,159.60,61.21
481,5,1018.60,485.66
481,6,3191.80,2228.02
481,7,521.60,452.19
482,1,0.00,0.00
482,2,8.17,11.65
482,3,74.00,54.60
482,4,117.17,79.82
482,5,609.67,278.63
482,6,497.17,218.35
482,7,91.33,38.87
483,1,1.57,2.94
483,2,2.57,2.44
483,3,22.71,28.48
483,4,163.43,239.87
483,5,121.29,110.63
483,6,342.86,258.28
483,7,93.43,88.47
484,1,0.00,0.00
484,2,0.14,0.38
484,3,30.86,61.81
484,4,49.57,32.47
484,5,475.71,515.30
484,6,1063.86,1761.58
484,7,144.00,275.48
485,1,0.00,0.00
485,2,6.60,8.20
485,3,42.00,22.55
485,4,87.20,62.34
485,5,620.60,221.01
485,6,1665.80,283.10
485,7,331.20,142.92
486,1,2.00,2.76
486,2,28.83,33.33
486,3,114.00,80.17
486,4,186.67,161.99
486,5,2175.67,2915.90
486,6,3597.67,4382.63
486,7,335.00,463.01
487,1,0.25,0.71
487,2,1.50,2.00
487,3,31.75,55.56
487,4,62.75,70.24
487,5,431.25,674.99
487,6,547.38,678.58
487,7,125.50,108.22
488,1,0.14,0.38
488,2,12.29,29.89
488,3,23.14,21.32
488,4,68.86,31.71
488,5,486.43,632.08
488,6,1319.14,1955.54
488,7,459.14,966.59
489,1,0.00,0.00
489,2,4.60,5.32
489,3,86.80,41.63
489,4,185.00,162.72
489,5,978.80,469.99
489,6,3757.00,1548.56
489,7,886.80,564.64
490,1,0.00,0.00
490,2,0.00,0.00
490,3,0.00,0.00
490,4,32.50,20.51
490,5,16.50,12.02
490,6,24.00,32.53
490,7,2.00,1.41
491,1,1.00,1.41
491,2,2.50,3.54
491,3,14.50,20.51
491,4,334.00,469.52
491,5,46.50,62.93
491,6,230.50,320.32
491,7,30.50,43.13
492,1,0.00,0.00
492,2,0.00,0.00
492,3,0.00,0.00
492,4,1.00,1.00
492,5,18.00,13.11
492,6,114.67,17.95
492,7,43.33,58.16
493,1,0.33,0.58
493,2,26.67,46.19
493,3,26.67,20.11
493,4,77.33,28.94
493,5,779.33,970.54
493,6,2328.33,2904.36
493,7,941.00,1479.17
494,1,0.00,0.00
494,2,0.00,0.00
494,3,8.80,18.58
494,4,33.00,39.08
494,5,207.60,328.69
494,6,575.40,1059.95
494,7,18.80,24.10
495,1,0.00,0.00
495,2,0.00,0.00
495,3,6.75,8.62
495,4,33.00,32.41
495,5,349.75,558.19
495,6,1297.50,2428.59
495,7,202.00,345.98
496,1,0.00,0.00
496,2,0.17,0.41
496,3,9.33,16.95
496,4,28.00,38.25
496,5,168.67,305.56
496,6,521.67,958.57
496,7,7.67,9.35
497,1,0.00,0.00
497,2,0.00,0.00
497,3,2.00,5.29
497,4,13.57,30.39
497,5,33.29,44.98
497,6,116.00,107.37
497,7,25.43,39.13
498,1,0.00,0.00
498,2,0.00,0.00
498,3,0.25,0.50
498,4,11.75,23.50
498,5,206.50,385.99
498,6,177.25,259.46
498,7,78.50,140.51
499,1,0.00,0.00
499,2,13.60,18.82
499,3,57.20,55.57
499,4,114.80,69.75
499,5,628.40,198.29
499,6,1547.80,574.82
499,7,311.80,109.18
500,1,3.29,6.75
500,2,14.14,26.88
500,3,75.57,41.72
500,4,156.71,198.20
500,5,430.14,498.07
500,6,1318.86,1298.40
500,7,265.86,399.55
501,1,0.25,0.50
501,2,0.00,0.00
501,3,0.00,0.00
501,4,17.00,15.12
501,5,52.25,92.00
501,6,97.00,176.67
501,7,10.00,18.06
502,1,1.00,1.73
502,2,15.60,33.23
502,3,6.60,11.13
502,4,86.20,77.63
502,5,1397.00,1526.29
502,6,4346.00,5443.56
502,7,1103.80,1418.11
503,1,0.00,0.00
503,2,1.17,1.94
503,3,94.33,47.99
503,4,175.67,84.75
503,5,901.33,585.47
503,6,2250.67,742.86
503,7,349.83,165.97
504,1,0.00,0.00
504,2,2.75,3.20
504,3,66.50,14.48
504,4,148.25,59.96
504,5,512.50,138.95
504,6,1943.75,553.18
504,7,245.25,60.77
505,1,0.20,0.45
505,2,43.40,24.83
505,3,55.00,26.57
505,4,419.20,169.21
505,5,3925.20,2121.97
505,6,4252.20,2211.53
505,7,433.40,163.77
506,1,0.50,1.22
506,2,14.33,28.39
506,3,2.17,3.54
506,4,33.17,28.29
506,5,335.33,129.66
506,6,1304.00,702.53
506,7,373.17,228.44
507,1,0.40,0.89
507,2,12.80,17.17
507,3,17.40,36.12
507,4,201.60,431.84
507,5,1051.20,1826.42
507,6,1526.40,1971.30
507,7,328.20,391.29
508,1,0.00,0.00
508,2,1.75,2.36
508,3,62.25,42.70
508,4,168.25,66.11
508,5,1018.50,581.82
508,6,3286.25,2595.69
508,7,542.75,532.77
509,1,0.00,0.00
509,2,0.17,0.41
509,3,14.17,9.33
509,4,136.67,107.77
509,5,548.33,1020.94
509,6,2089.17,3152.08
509,7,1073.50,1541.54
510,1,14.50,14.85
510,2,43.50,36.06
510,3,81.00,55.15
510,4,218.00,31.11
510,5,1056.00,206.48
510,6,3161.00,1346.33
510,7,765.50,191.63
511,1,3.38,6.14
511,2,120.38,310.40
511,3,194.50,364.41
511,4,407.88,392.71
511,5,1080.25,1147.10
511,6,1757.12,1882.47
511,7,405.62,511.51
512,1,0.50,1.22
512,2,22.17,24.47
512,3,104.50,127.44
512,4,63.50,36.21
512,5,267.33,174.03
512,6,480.50,288.36
512,7,95.33,50.30
513,1,0.00,0.00
513,2,2.00,2.31
513,3,19.75,11.03
513,4,70.75,60.98
513,5,716.00,911.00
513,6,837.25,888.24
513,7,157.25,127.31
514,1,0.00,0.00
514,2,24.80,48.26
514,3,65.40,54.87
514,4,179.60,63.94
514,5,343.60,170.79
514,6,880.40,315.48
514,7,194.20,85.79
515,1,0.00,0.00
515,2,2.00,3.39
515,3,55.20,65.27
515,4,64.40,45.33
515,5,855.60,491.12
515,6,2101.60,1956.06
515,7,174.00,311.60
516,1,3.20,2.59
516,2,8.00,6.60
516,3,53.60,52.38
516,4,209.60,144.29
516,5,929.00,306.95
516,6,2362.00,1446.04
516,7,460.80,327.79
517,1,0.00,0.00
517,2,0.00,0.00
517,3,80.00,68.76
517,4,140.00,78.71
517,5,657.00,305.87
517,6,2108.00,1165.74
517,7,200.60,85.08
518,1,2.60,3.97
518,2,10.40,16.38
518,3,50.20,71.47
518,4,282.60,402.70
518,5,6094.80,8522.33
518,6,13753.20,17721.43
518,7,2106.80,2746.58
519,1,0.17,0.41
519,2,0.50,0.55
519,3,13.83,18.81
519,4,36.50,19.02
519,5,284.83,278.33
519,6,430.17,292.47
519,7,71.33,94.63
520,1,0.00,0.00
520,2,4.83,6.11
520,3,7.00,13.91
520,4,13.00,9.90
520,5,198.00,145.23
520,6,894.33,656.51
520,7,214.67,152.46
521,1,0.17,0.41
521,2,1.83,3.60
521,3,40.17,44.22
521,4,76.33,70.86
521,5,165.50,195.04
521,6,352.33,230.28
521,7,91.50,71.71
522,1,1.60,3.58
522,2,15.60,34.33
522,3,40.00,63.61
522,4,58.00,66.61
522,5,205.80,329.84
522,6,715.60,1228.98
522,7,186.20,254.63
523,1,0.33,0.82
523,2,45.00,75.92
523,3,147.83,108.28
523,4,118.50,91.51
523,5,323.17,348.30
523,6,1092.17,1282.04
523,7,268.00,274.83
525,1,0.60,1.34
525,2,2.40,2.07
525,3,36.40,32.79
525,4,133.40,148.46
525,5,291.40,158.71
525,6,1154.40,537.64
525,7,251.80,142.34
526,1,0.33,0.52
526,2,116.33,170.68
526,3,122.67,152.83
526,4,431.17,472.95
526,5,574.33,321.53
526,6,1043.50,989.93
526,7,243.67,264.81
527,1,0.00,0.00
527,2,3.20,3.63
527,3,84.80,24.24
527,4,161.60,73.47
527,5,1162.80,480.83
527,6,3219.00,2216.01
527,7,490.00,467.46
528,1,0.00,0.00
528,2,3.50,8.09
528,3,47.83,56.19
528,4,122.50,103.20
528,5,532.00,544.79
528,6,1893.83,1797.35
528,7,487.50,476.26
529,1,0.25,0.50
529,2,6.75,4.19
529,3,6.75,9.43
529,4,175.50,237.93
529,5,1187.50,1107.91
529,6,2223.75,1066.26
529,7,477.00,210.78
530,1,14.50,34.55
530,2,85.83,191.85
530,3,168.00,366.34
530,4,2044.33,4442.03
530,5,5435.67,10232.96
530,6,3816.00,4670.98
530,7,700.33,632.70
531,1,1.17,2.40
531,2,29.17,13.51
531,3,95.00,90.30
531,4,412.50,449.61
531,5,950.67,1165.07
531,6,1258.50,1123.72
531,7,300.17,240.37
532,1,5.33,8.85
532,2,514.83,1219.03
532,3,1610.33,3696.21
532,4,1579.67,3506.37
532,5,1375.83,2080.72
532,6,1245.67,1855.22
532,7,231.17,297.37
533,1,0.29,0.76
533,2,9.29,21.53
533,3,47.57,44.40
533,4,112.57,109.74
533,5,922.29,894.95
533,6,2270.14,2816.71
533,7,482.00,638.76
534,1,1.17,2.04
534,2,24.50,33.68
534,3,74.50,53.52
534,4,220.00,277.25
534,5,800.50,925.86
534,6,2857.33,2660.36
534,7,509.50,406.75
535,1,0.00,0.00
535,2,1.60,3.58
535,3,8.60,10.90
535,4,35.20,50.43
535,5,335.80,587.95
535,6,725.80,1420.90
535,7,0.20,0.45
536,1,0.00,0.00
536,2,0.00,0.00
536,3,5.17,8.06
536,4,18.67,23.70
536,5,80.83,101.35
536,6,72.50,87.66
536,7,7.33,10.35
537,1,0.00,0.00
537,2,20.50,8.76
537,3,73.17,45.90
537,4,161.00,60.92
537,5,576.00,246.09
537,6,1433.83,780.38
537,7,309.00,187.57
538,1,2.75,4.86
538,2,13.50,23.10
538,3,51.75,10.81
538,4,126.50,38.53
538,5,760.00,528.31
538,6,1534.00,1179.13
538,7,372.25,329.61
539,1,0.71,0.95
539,2,68.29,171.46
539,3,95.29,145.68
539,4,220.29,208.58
539,5,558.14,604.98
539,6,922.71,1010.72
539,7,257.57,316.99
540,1,0.00,0.00
540,2,1.00,2.45
540,3,69.33,134.37
540,4,305.83,509.95
540,5,2849.67,5355.40
540,6,3050.50,5166.89
540,7,662.50,1465.01
541,1,24.86,51.34
541,2,1118.29,2579.14
541,3,5895.29,12218.80
541,4,9445.57,16349.65
541,5,13388.00,23061.82
541,6,10740.86,17004.71
541,7,2489.43,3856.81
542,1,138.00,0.00
542,2,6917.00,0.00
542,3,32625.00,0.00
542,4,37972.00,0.00
542,5,36626.00,0.00
542,6,31521.00,0.00
542,7,7907.00,0.00
543,1,0.00,0.00
543,2,0.17,0.41
543,3,23.17,12.78
543,4,83.33,84.41
543,5,140.33,168.92
543,6,415.83,376.62
543,7,238.00,296.66
544,1,0.17,0.41
544,2,3.67,4.08
544,3,120.33,76.81
544,4,154.33,99.15
544,5,980.00,598.25
544,6,1762.00,1224.49
544,7,185.67,113.61
545,1,0.83,2.04
545,2,6.00,14.70
545,3,113.33,75.86
545,4,207.33,172.19
545,5,700.67,519.04
545,6,2035.00,837.50
545,7,297.67,187.20
546,1,3.50,7.61
546,2,58.17,68.56
546,3,96.83,118.69
546,4,245.67,166.99
546,5,674.33,406.65
546,6,1670.00,1233.94
546,7,456.33,307.76
547,1,0.12,0.35
547,2,5.25,5.34
547,3,63.12,25.70
547,4,150.50,70.57
547,5,767.50,404.06
547,6,2086.00,969.54
547,7,211.62,91.03
548,1,0.20,0.45
548,2,0.00,0.00
548,3,6.00,12.33
548,4,28.20,28.04
548,5,307.00,295.94
548,6,716.80,724.81
548,7,129.40,121.77
549,1,0.00,0.00
549,2,0.50,0.84
549,3,5.83,6.43
549,4,23.17,21.25
549,5,205.67,260.10
549,6,869.00,971.16
549,7,229.83,140.97
550,1,1.00,1.41
550,2,0.00,0.00
550,3,289.25,281.43
550,4,784.00,985.19
550,5,3965.25,5551.22
550,6,6868.00,7973.85
550,7,1134.75,1425.44
551,1,0.00,0.00
551,2,0.57,1.13
551,3,42.86,58.65
551,4,74.57,69.65
551,5,463.43,403.58
551,6,573.00,510.14
551,7,25.14,66.52
552,1,0.25,0.50
552,2,27.75,22.10
552,3,122.25,208.94
552,4,353.75,237.68
552,5,1424.75,963.42
552,6,3706.00,3364.93
552,7,880.50,929.00
553,1,3.29,4.68
553,2,109.00,155.84
553,3,92.43,130.18
553,4,496.57,511.74
553,5,5574.71,6115.87
553,6,10912.86,11069.87
553,7,2065.43,1963.96
554,1,4.57,6.05
554,2,228.86,340.99
554,3,444.43,433.69
554,4,597.57,500.12
554,5,1662.86,1228.65
554,6,2644.71,1956.82
554,7,548.57,551.16
555,1,0.00,0.00
555,2,5.14,10.24
555,3,39.71,70.56
555,4,77.71,117.86
555,5,341.14,505.89
555,6,1040.00,1116.13
555,7,418.14,423.71
556,1,0.20,0.45
556,2,8.00,13.73
556,3,50.00,26.58
556,4,125.60,58.53
556,5,333.40,396.21
556,6,855.80,986.58
556,7,282.40,202.48
557,1,1.17,1.94
557,2,9.33,14.60
557,3,100.17,61.35
557,4,179.33,159.24
557,5,2099.83,2950.76
557,6,3213.17,4484.39
557,7,336.00,461.76
558,1,0.00,0.00
558,2,0.33,0.58
558,3,36.33,32.33
558,4,113.33,32.87
558,5,620.67,395.04
558,6,1170.67,1571.36
558,7,191.33,187.15
559,1,2.20,3.90
559,2,75.40,116.91
559,3,57.80,87.80
559,4,375.40,496.08
559,5,3743.80,5620.29
559,6,5847.40,8700.07
559,7,1153.60,1439.48
560,1,6.75,9.22
560,2,40.75,10.81
560,3,60.75,70.36
560,4,330.25,298.40
560,5,1807.25,1576.90
560,6,3581.50,2740.38
560,7,690.50,536.08
561,1,0.00,0.00
561,2,0.33,0.58
561,3,14.67,23.69
561,4,51.33,42.00
561,5,319.67,409.46
561,6,937.00,1325.49
561,7,24.33,30.11
562,1,0.22,0.67
562,2,25.11,25.24
562,3,56.67,61.59
562,4,116.33,140.94
562,5,695.56,588.83
562,6,2094.11,1623.29
562,7,526.33,478.19
563,1,0.00,0.00
563,2,13.17,10.80
563,3,28.00,44.01
563,4,185.00,377.93
563,5,503.00,740.19
563,6,1027.67,1856.66
563,7,269.00,516.21
564,1,0.14,0.38
564,2,19.29,21.20
564,3,105.43,130.65
564,4,307.71,442.91
564,5,1189.71,1338.35
564,6,2657.43,2234.95
564,7,479.14,397.42
565,1,0.00,0.00
565,2,0.00,0.00
565,3,11.00,15.97
565,4,14.40,15.26
565,5,135.40,53.11
565,6,376.20,131.49
565,7,105.20,19.38
566,1,3.00,4.65
566,2,156.00,243.63
566,3,302.17,454.70
566,4,791.33,1265.67
566,5,1973.00,3189.56
566,6,2353.33,2901.57
566,7,427.00,521.07
567,1,1.14,3.02
567,2,25.29,30.97
567,3,52.29,74.09
567,4,68.43,77.05
567,5,252.71,252.44
567,6,712.14,974.45
567,7,157.71,212.00
568,1,5.11,10.78
568,2,132.11,294.55
568,3,1153.11,2823.89
568,4,4143.33,9112.67
568,5,8981.33,17858.61
568,6,9853.00,12818.12
568,7,2125.78,2731.06
569,1,2.00,3.94
569,2,161.20,261.22
569,3,395.60,526.91
569,4,1282.60,1705.80
569,5,3856.80,5111.80
569,6,6613.40,10821.67
569,7,1155.80,1879.12
570,1,0.33,0.52
570,2,7.00,13.34
570,3,50.83,26.59
570,4,94.33,42.16
570,5,970.00,725.49
570,6,1526.83,781.94
570,7,218.50,123.24
571,1,0.50,1.22
571,2,7.33,17.48
571,3,112.50,151.94
571,4,388.50,381.77
571,5,2429.17,3445.13
571,6,4823.33,4823.20
571,7,1156.33,1453.15
572,1,6.75,12.20
572,2,9.75,7.80
572,3,89.50,60.21
572,4,43.25,48.46
572,5,224.25,141.50
572,6,697.50,557.01
572,7,102.50,51.67
573,1,5.83,7.57
573,2,34.67,54.34
573,3,42.00,56.85
573,4,225.00,180.99
573,5,1459.33,1442.05
573,6,4333.67,3834.83
573,7,835.33,1052.34
574,1,0.00,0.00
574,2,15.00,23.88
574,3,19.17,43.58
574,4,61.17,85.75
574,5,460.00,480.14
574,6,2034.00,1873.43
574,7,552.67,600.23
575,1,0.00,0.00
575,2,2.00,2.00
575,3,14.33,16.29
575,4,64.67,80.33
575,5,897.00,1027.04
575,6,1088.00,1020.96
575,7,210.67,150.05
576,1,0.00,0.00
576,2,7.40,6.39
576,3,23.00,47.58
576,4,60.60,96.71
576,5,502.00,505.18
576,6,2094.00,1929.88
576,7,587.80,648.16
577,1,0.00,0.00
577,2,0.00,0.00
577,3,3.00,7.35
577,4,89.67,64.78
577,5,82.33,73.00
577,6,44.00,44.54
577,7,19.50,18.12
578,1,3.00,3.39
578,2,0.00,0.00
578,3,688.20,778.33
578,4,1473.80,1429.78
578,5,5579.00,5873.30
578,6,7498.80,6293.56
578,7,1015.20,779.51
579,1,0.00,0.00
579,2,1.17,1.94
579,3,18.33,28.52
579,4,28.17,56.76
579,5,217.50,401.15
579,6,638.50,1158.37
579,7,76.67,147.75
580,1,0.75,0.96
580,2,4.75,8.85
580,3,45.50,38.73
580,4,306.25,311.11
580,5,561.75,586.36
580,6,906.50,646.60
580,7,165.00,193.30
581,1,0.00,0.00
581,2,0.25,0.50
581,3,55.25,82.05
581,4,46.75,21.87
581,5,207.00,206.28
581,6,392.75,257.49
581,7,171.50,131.07
582,1,0.00,0.00
582,2,0.40,0.89
582,3,26.00,30.80
582,4,69.60,27.24
582,5,158.80,117.62
582,6,979.00,649.92
582,7,334.20,307.52
583,1,2.00,3.95
583,2,34.83,40.74
583,3,169.67,273.14
583,4,1204.00,1705.76
583,5,1762.67,1420.54
583,6,1921.00,1190.68
583,7,417.67,371.31
584,1,1.33,2.80
584,2,34.50,35.68
584,3,235.50,282.72
584,4,656.50,657.68
584,5,3106.67,2173.77
584,6,7465.00,4835.72
584,7,1652.83,1270.61
585,1,0.00,0.00
585,2,0.00,0.00
585,3,6.60,8.85
585,4,42.80,38.87
585,5,391.60,449.84
585,6,516.60,439.18
585,7,67.60,124.64
587,1,3.75,3.86
587,2,42.00,65.44
587,3,34.00,35.56
587,4,302.00,153.82
587,5,1893.00,1633.70
587,6,5467.25,4395.34
587,7,1184.50,1186.41
588,1,0.17,0.41
588,2,10.50,17.31
588,3,50.17,58.88
588,4,79.33,43.61
588,5,790.33,789.06
588,6,1265.50,909.59
588,7,145.00,82.44
589,1,8.50,16.34
589,2,276.50,429.37
589,3,2404.00,4181.24
589,4,7838.00,13544.53
589,5,16784.75,26382.33
589,6,16331.75,19210.81
589,7,3205.75,3981.37
590,1,1.50,2.83
590,2,97.12,174.26
590,3,331.50,313.70
590,4,324.75,385.89
590,5,1185.75,1209.39
590,6,1453.38,1658.64
590,7,238.12,322.23
591,1,9.33,15.58
591,2,49.67,29.34
591,3,257.50,259.78
591,4,1754.00,1865.59
591,5,2219.00,1903.89
591,6,2356.83,1352.49
591,7,646.50,382.02
592,1,4.60,6.50
592,2,32.20,34.60
592,3,61.40,89.14
592,4,135.80,87.66
592,5,649.60,344.84
592,6,1965.80,1231.48
592,7,555.00,419.89
593,1,1.80,4.02
593,2,63.00,119.70
593,3,196.40,313.51
593,4,266.80,516.12
593,5,724.40,942.96
593,6,997.40,1434.76
593,7,164.00,251.46
594,1,0.60,0.55
594,2,14.40,10.62
594,3,58.20,65.52
594,4,335.80,383.82
594,5,651.60,618.80
594,6,907.20,703.83
594,7,375.80,322.28
595,1,0.00,0.00
595,2,0.80,1.79
595,3,17.20,9.20
595,4,20.40,9.02
595,5,197.80,73.95
595,6,391.00,123.52
595,7,105.40,41.26
596,1,0.00,0.00
596,2,0.17,0.41
596,3,10.00,18.86
596,4,13.83,21.20
596,5,102.17,152.51
596,6,212.00,300.55
596,7,28.83,60.08
597,1,0.43,1.13
597,2,7.57,7.18
597,3,81.57,49.62
597,4,190.71,120.04
597,5,988.71,536.32
597,6,3148.86,2025.30
597,7,822.43,618.89
598,1,0.00,0.00
598,2,0.67,1.03
598,3,52.33,50.03
598,4,115.00,68.09
598,5,337.00,229.06
598,6,1545.17,754.24
598,7,273.50,142.24
599,1,0.67,1.21
599,2,3.33,8.16
599,3,248.17,357.82
599,4,506.00,613.35
599,5,1625.33,1870.66
599,6,3249.17,2029.95
599,7,529.17,266.77
600,1,0.50,0.58
600,2,11.00,11.92
600,3,71.50,28.21
600,4,104.00,40.98
600,5,529.00,116.58
600,6,584.50,201.88
600,7,104.75,18.41
601,1,5.80,9.68
601,2,19.60,14.06
601,3,81.40,118.49
601,4,245.60,134.67
601,5,1782.00,1504.06
601,6,2946.20,1347.65
601,7,508.20,227.38
602,1,0.25,0.50
602,2,3.25,2.22
602,3,75.50,48.77
602,4,114.50,69.91
602,5,204.00,111.08
602,6,756.25,774.47
602,7,173.50,118.45
603,1,1.14,2.61
603,2,15.14,28.45
603,3,40.14,25.50
603,4,162.57,123.25
603,5,459.43,380.01
603,6,1375.57,903.28
603,7,353.29,242.11
604,1,0.22,0.44
604,2,8.44,10.26
604,3,87.11,64.71
604,4,141.56,69.21
604,5,1064.00,468.78
604,6,2037.44,877.16
604,7,162.78,64.46
605,1,0.62,1.77
605,2,9.00,12.01
605,3,92.50,87.49
605,4,209.62,138.37
605,5,421.38,435.51
605,6,1206.88,1152.82
605,7,395.38,350.61
606,1,0.75,1.50
606,2,5.50,7.14
606,3,1.50,3.00
606,4,38.75,36.12
606,5,529.75,581.20
606,6,1726.00,1146.99
606,7,409.00,247.37
607,1,1.20,2.68
607,2,23.80,17.96
607,3,247.60,156.71
607,4,496.80,223.70
607,5,2334.40,1170.29
607,6,4662.20,3027.71
607,7,1039.40,792.47
608,1,0.00,0.00
608,2,0.00,0.00
608,3,9.50,9.67
608,4,80.50,54.50
608,5,235.17,182.12
608,6,397.00,479.69
608,7,29.00,38.61
609,1,0.00,0.00
609,2,0.00,0.00
609,3,2.00,5.01
609,4,68.30,50.90
609,5,108.10,110.09
609,6,146.80,238.96
609,7,19.80,34.00
610,1,0.33,0.52
610,2,0.17,0.41
610,3,13.17,23.05
610,4,36.67,39.18
610,5,283.33,467.75
610,6,819.83,1770.30
610,7,76.33,142.89
611,1,1.75,2.87
611,2,3.25,2.63
611,3,52.25,23.01
611,4,129.50,65.92
611,5,1067.25,740.89
611,6,2712.50,1016.71
611,7,521.00,210.01
612,1,0.00,0.00
612,2,0.25,0.50
612,3,25.75,24.23
612,4,71.00,29.80
612,5,56.75,50.91
612,6,220.00,48.74
612,7,86.50,66.49
614,1,2.00,3.94
614,2,164.20,160.41
614,3,147.60,133.53
614,4,661.00,471.26
614,5,8452.80,5813.58
614,6,18303.00,10340.92
614,7,3382.20,1931.09
615,1,0.43,1.13
615,2,17.00,22.52
615,3,198.14,193.35
615,4,94.43,81.69
615,5,248.71,177.77
615,6,565.14,257.86
615,7,133.29,27.36
616,1,0.14,0.38
616,2,8.57,15.81
616,3,88.29,54.01
616,4,139.43,107.10
616,5,743.29,722.63
616,6,1909.57,2356.45
616,7,414.57,580.46
617,1,0.14,0.38
617,2,3.14,2.79
617,3,62.14,51.09
617,4,93.29,116.62
617,5,492.71,427.04
617,6,849.14,528.61
617,7,163.43,95.00
618,1,1.50,2.12
618,2,39.00,16.97
618,3,374.00,86.27
618,4,579.50,44.55
618,5,2432.00,589.73
618,6,6013.00,3320.57
618,7,1527.50,979.34
619,1,0.25,0.50
619,2,33.75,21.82
619,3,40.25,18.82
619,4,478.50,242.75
619,5,2576.00,604.05
619,6,2586.25,1190.55
619,7,403.25,252.73
620,1,7.50,12.37
620,2,58.50,28.24
620,3,158.00,79.51
620,4,473.00,181.90
620,5,1501.00,1567.94
620,6,1756.00,1866.73
620,7,301.00,293.12
621,1,1.20,1.30
621,2,22.80,34.41
621,3,112.20,110.18
621,4,316.80,265.21
621,5,646.60,356.34
621,6,611.20,445.34
621,7,129.00,100.67
622,1,8.60,13.90
622,2,227.60,380.28
622,3,2209.20,3613.89
622,4,6761.80,11950.82
622,5,16315.80,22316.17
622,6,17839.40,12216.50
622,7,4427.00,2246.34
623,1,1.00,2.00
623,2,0.00,0.00
623,3,112.83,91.73
623,4,260.00,229.06
623,5,850.33,771.99
623,6,2666.83,961.81
623,7,455.17,173.14
624,1,0.25,0.50
624,2,5.00,10.00
624,3,323.75,421.73
624,4,776.50,664.59
624,5,2643.50,2264.70
624,6,4535.00,1654.72
624,7,694.25,153.66
625,1,0.75,1.50
625,2,11.00,21.34
625,3,168.00,164.53
625,4,585.75,308.54
625,5,3570.50,3817.79
625,6,6853.00,4692.11
625,7,1666.75,1576.72
626,1,0.00,0.00
626,2,1.50,1.87
626,3,144.00,89.56
626,4,162.83,88.62
626,5,786.17,676.18
626,6,1910.50,1272.78
626,7,272.67,200.54
627,1,0.11,0.33
627,2,10.22,26.37
627,3,37.33,31.66
627,4,110.89,86.99
627,5,621.78,653.21
627,6,2426.11,1887.21
627,7,750.67,807.74
629,1,1.14,3.02
629,2,29.71,73.81
629,3,97.57,60.57
629,4,193.14,251.94
629,5,1362.00,2513.61
629,6,3802.86,6840.38
629,7,804.86,1447.22
630,1,0.50,1.07
630,2,54.38,134.31
630,3,82.62,141.85
630,4,345.25,481.09
630,5,2908.88,5184.21
630,6,6683.62,9890.36
630,7,920.62,1178.05
631,1,18.25,19.41
631,2,533.75,606.38
631,3,4015.00,4282.22
631,4,10834.25,13228.81
631,5,31629.25,34580.21
631,6,34432.25,37790.06
631,7,8059.00,8226.88
632,1,0.11,0.33
632,2,4.22,9.15
632,3,19.11,12.25
632,4,144.56,76.99
632,5,268.33,352.91
632,6,923.00,918.45
632,7,344.78,225.61
634,1,0.00,0.00
634,2,0.00,0.00
634,3,12.00,7.16
634,4,88.00,85.81
634,5,149.00,195.50
634,6,685.00,889.74
634,7,378.33,440.67
635,1,0.50,1.22
635,2,93.00,202.26
635,3,193.83,380.15
635,4,260.33,525.18
635,5,770.83,1350.24
635,6,1038.83,1545.19
635,7,249.83,339.33
636,1,0.60,1.34
636,2,18.60,25.01
636,3,1.40,2.61
636,4,33.00,27.08
636,5,602.20,482.59
636,6,2168.60,746.90
636,7,497.40,130.43
637,1,0.50,1.22
637,2,93.83,201.98
637,3,200.17,381.99
637,4,250.83,526.40
637,5,718.00,1376.96
637,6,1003.67,1582.97
637,7,254.83,358.10
638,1,0.00,0.00
638,2,3.14,7.45
638,3,24.57,20.34
638,4,65.29,55.32
638,5,382.86,272.69
638,6,714.71,631.10
638,7,161.43,200.20
639,1,0.12,0.35
639,2,0.00,0.00
639,3,24.75,18.57
639,4,54.38,47.44
639,5,175.88,156.47
639,6,695.50,794.94
639,7,343.38,422.62
640,1,1.75,3.50
640,2,7.25,8.18
640,3,111.25,122.29
640,4,216.00,226.42
640,5,395.75,349.05
640,6,773.50,967.47
640,7,445.75,778.88
641,1,6.20,10.71
641,2,38.80,59.51
641,3,290.40,195.09
641,4,220.20,234.00
641,5,804.20,654.65
641,6,1359.40,601.23
641,7,197.80,118.41
642,1,0.17,0.41
642,2,1.50,2.51
642,3,10.50,13.26
642,4,53.67,51.61
642,5,850.83,844.14
642,6,1576.33,1566.46
642,7,467.83,552.68
643,1,0.50,0.58
643,2,17.50,13.63
643,3,84.00,83.11
643,4,360.75,255.34
643,5,4413.25,2763.91
643,6,3685.25,1386.47
643,7,354.75,159.84
644,1,0.00,0.00
644,2,23.00,34.52
644,3,120.40,137.31
644,4,236.20,204.86
644,5,356.00,273.75
644,6,447.00,344.03
644,7,97.00,54.77
645,1,0.25,0.50
645,2,23.25,38.06
645,3,34.25,29.79
645,4,79.75,40.37
645,5,674.25,825.23
645,6,2334.50,2231.85
645,7,940.75,1153.44
646,1,1.75,2.87
646,2,33.50,50.67
646,3,66.00,39.87
646,4,172.25,53.77
646,5,1178.75,748.38
646,6,2778.50,1318.61
646,7,535.75,202.18
647,1,0.00,0.00
647,2,0.33,1.00
647,3,16.22,21.41
647,4,70.56,31.19
647,5,222.00,105.87
647,6,815.00,330.65
647,7,190.22,133.70
648,1,10.75,30.00
648,2,69.62,165.00
648,3,118.75,320.99
648,4,1486.50,3880.13
648,5,4045.25,8942.28
648,6,3029.00,4090.47
648,7,581.00,574.96
650,1,0.88,1.81
650,2,38.38,44.93
650,3,119.88,181.83
650,4,49.25,65.66
650,5,182.38,87.79
650,6,457.38,232.92
650,7,131.50,99.54
651,1,6.20,10.52
651,2,23.20,27.98
651,3,417.00,403.46
651,4,907.60,1258.97
651,5,4282.40,4708.41
651,6,10619.60,6134.09
651,7,3006.20,1580.98
652,1,0.00,0.00
652,2,1.33,1.97
652,3,19.33,9.95
652,4,138.17,138.44
652,5,2121.33,2580.79
652,6,6777.67,7832.32
652,7,1166.17,1430.33
653,1,1.67,2.88
653,2,8.33,8.89
653,3,98.83,96.33
653,4,210.17,169.88
653,5,422.17,265.86
653,6,595.33,802.79
653,7,334.83,627.70
654,1,0.00,0.00
654,2,1.17,1.83
654,3,33.83,28.42
654,4,55.17,71.72
654,5,528.67,799.52
654,6,1555.83,2765.18
654,7,353.33,673.16
655,1,2.20,4.38
655,2,26.80,24.23
655,3,178.00,303.76
655,4,1110.20,1940.53
655,5,1712.20,1680.69
655,6,1636.60,1593.31
655,7,431.00,408.20
656,1,0.00,0.00
656,2,3.14,4.49
656,3,65.14,124.72
656,4,217.14,491.51
656,5,2242.57,5077.18
656,6,2523.29,4926.80
656,7,623.71,1343.56
657,1,0.33,0.52
657,2,9.50,11.26
657,3,58.33,60.26
657,4,315.67,358.01
657,5,595.33,584.77
657,6,730.33,576.20
657,7,283.00,202.62
658,1,0.00,0.00
658,2,11.12,13.03
658,3,42.88,25.69
658,4,75.62,40.29
658,5,545.50,361.71
658,6,1162.00,511.54
658,7,141.88,60.29
659,1,0.25,0.50
659,2,0.00,0.00
659,3,36.00,28.54
659,4,138.25,136.48
659,5,78.00,46.32
659,6,464.75,220.72
659,7,179.50,95.57
660,1,4.12,6.29
660,2,21.75,30.25
660,3,57.50,43.43
660,4,141.88,209.33
660,5,548.62,761.68
660,6,1760.62,2535.12
660,7,293.12,311.15
661,1,2.57,5.53
661,2,24.00,26.08
661,3,66.14,70.38
661,4,126.86,84.29
661,5,656.00,476.60
661,6,1994.00,1467.95
661,7,518.71,412.79
662,1,3.00,5.35
662,2,64.25,14.08
662,3,282.50,411.58
662,4,1198.75,1149.28
662,5,7765.75,2376.89
662,6,18277.00,6278.16
662,7,3987.25,1815.91
663,1,2.00,4.43
663,2,17.00,13.74
663,3,201.00,176.45
663,4,198.50,127.71
663,5,505.83,244.65
663,6,628.83,373.35
663,7,108.17,51.86
664,1,0.00,0.00
664,2,9.86,20.47
664,3,13.57,6.85
664,4,24.29,12.92
664,5,205.43,102.08
664,6,427.14,291.73
664,7,122.29,65.25
665,1,0.86,1.86
665,2,12.57,10.63
665,3,55.57,68.96
665,4,200.00,141.64
665,5,585.71,363.54
665,6,1621.00,988.32
665,7,545.00,338.27
666,1,0.00,0.00
666,2,2.00,2.45
666,3,106.50,49.38
666,4,203.67,66.55
666,5,664.50,142.95
666,6,1853.50,848.77
666,7,244.33,127.26
667,1,0.00,0.00
667,2,6.83,14.43
667,3,126.00,76.60
667,4,238.00,168.96
667,5,978.33,721.41
667,6,2506.50,944.62
667,7,281.33,174.72
668,1,0.00,0.00
668,2,0.00,0.00
668,3,0.00,0.00
668,4,8.00,0.00
668,5,14.00,0.00
668,6,9.00,0.00
668,7,0.00,0.00
669,1,5.43,9.29
669,2,22.71,22.79
669,3,62.71,91.58
669,4,202.86,269.44
669,5,1308.00,1294.12
669,6,1797.71,988.77
669,7,380.71,221.12
670,1,0.71,1.89
670,2,8.29,14.12
670,3,121.29,71.53
670,4,219.14,127.58
670,5,2005.57,2694.75
670,6,3878.71,3839.24
670,7,393.86,415.35
671,1,2.33,4.04
671,2,12.67,10.21
671,3,76.00,32.60
671,4,194.67,31.77
671,5,397.67,286.12
671,6,992.33,1061.46
671,7,631.00,851.31
672,1,0.00,0.00
672,2,2.00,3.95
672,3,19.83,16.04
672,4,70.67,44.76
672,5,342.50,425.01
672,6,1162.50,1071.81
672,7,365.00,278.44
673,1,0.40,0.55
673,2,47.20,36.74
673,3,73.00,44.46
673,4,248.20,173.70
673,5,745.40,405.49
673,6,1864.20,1149.40
673,7,393.60,249.36
674,1,0.57,0.79
674,2,21.00,15.93
674,3,69.57,89.36
674,4,454.14,467.54
674,5,1961.86,1691.24
674,6,2887.00,2256.73
674,7,539.86,392.49
675,1,1.17,0.98
675,2,27.67,36.40
675,3,346.33,292.61
675,4,555.67,613.88
675,5,2588.00,2421.62
675,6,7010.50,6738.97
675,7,1700.33,1541.08
676,1,0.29,0.76
676,2,20.57,28.62
676,3,45.14,39.43
676,4,165.29,223.28
676,5,657.14,883.90
676,6,2189.14,2820.54
676,7,344.57,333.12
677,1,0.00,0.00
677,2,6.25,11.21
677,3,101.25,39.66
677,4,160.25,86.73
677,5,754.00,703.85
677,6,2662.50,3004.97
677,7,449.25,580.98
678,1,0.17,0.41
678,2,13.33,32.66
678,3,34.17,38.63
678,4,118.67,99.26
678,5,724.17,785.55
678,6,2758.50,2193.34
678,7,998.67,958.62
679,1,1.57,2.37
679,2,13.57,14.58
679,3,80.57,51.52
679,4,223.14,144.55
679,5,2237.00,2580.02
679,6,3691.71,3860.89
679,7,380.29,419.91
680,1,12.80,17.15
680,2,274.20,514.68
680,3,1769.00,2767.67
680,4,3980.60,5948.06
680,5,17748.00,27834.99
680,6,24689.60,34459.29
680,7,6170.60,7558.45
681,1,0.00,0.00
681,2,1.12,1.64
681,3,17.00,12.94
681,4,19.50,16.62
681,5,128.88,96.56
681,6,335.88,166.26
681,7,86.00,61.83
682,1,0.00,0.00
682,2,59.83,84.56
682,3,59.00,103.46
682,4,80.67,66.03
682,5,300.83,356.42
682,6,874.67,1375.81
682,7,201.50,289.38
683,1,0.43,1.13
683,2,89.43,184.35
683,3,151.00,357.07
683,4,236.57,480.22
683,5,675.14,1256.52
683,6,869.43,1465.74
683,7,188.86,332.07
684,1,0.00,0.00
684,2,0.00,0.00
684,3,3.17,6.40
684,4,109.33,74.14
684,5,144.33,117.03
684,6,145.17,301.49
684,7,18.83,32.90
685,1,3.33,5.32
685,2,34.17,53.06
685,3,102.33,173.20
685,4,191.33,349.10
685,5,753.83,1311.03
685,6,4494.00,9231.09
685,7,1528.83,3276.15
686,1,0.33,0.58
686,2,0.00,0.00
686,3,0.00,0.00
686,4,31.00,19.70
686,5,73.00,101.87
686,6,137.33,195.81
686,7,12.67,21.08
687,1,0.00,0.00
687,2,0.00,0.00
687,3,17.60,8.17
687,4,12.00,8.86
687,5,71.80,46.73
687,6,254.00,106.95
687,7,70.00,53.95
688,1,2.60,2.79
688,2,31.40,33.50
688,3,96.00,52.00
688,4,260.00,290.37
688,5,908.00,994.24
688,6,2913.40,3024.87
688,7,518.20,456.26
689,1,1.17,2.40
689,2,4.00,5.97
689,3,43.83,13.39
689,4,121.50,54.83
689,5,737.67,697.62
689,6,1856.50,1214.26
689,7,312.33,185.26
690,1,1.00,2.24
690,2,33.60,55.90
690,3,124.40,229.40
690,4,79.60,77.89
690,5,210.40,90.05
690,6,386.20,197.24
690,7,92.00,49.56
691,1,1.00,1.73
691,2,47.80,78.08
691,3,49.00,15.70
691,4,193.00,54.16
691,5,627.40,192.81
691,6,1758.40,1035.11
691,7,578.80,331.95
692,1,0.50,0.58
692,2,10.25,15.92
692,3,51.50,18.72
692,4,118.75,75.57
692,5,1082.25,574.30
692,6,1254.50,810.74
692,7,141.50,31.43
693,1,0.00,0.00
693,2,3.67,3.21
693,3,64.00,16.52
693,4,151.67,84.10
693,5,1050.33,738.04
693,6,3276.67,953.21
693,7,375.33,161.57
694,1,0.33,0.82
694,2,37.00,78.53
694,3,66.17,103.05
694,4,126.33,110.52
694,5,475.50,485.44
694,6,968.33,1336.54
694,7,237.83,280.47
695,1,0.00,0.00
695,2,0.00,0.00
695,3,0.00,0.00
695,4,0.75,0.96
695,5,15.00,13.59
695,6,80.50,48.61
695,7,34.00,51.14
696,1,0.71,1.89
696,2,4.57,8.36
696,3,37.29,73.61
696,4,92.14,163.38
696,5,304.43,342.72
696,6,711.00,803.12
696,7,234.14,369.91
697,1,0.00,0.00
697,2,0.40,0.89
697,3,33.60,65.53
697,4,43.40,67.92
697,5,541.00,803.34
697,6,2089.60,3244.10
697,7,480.20,688.67
698,1,0.22,0.67
698,2,2.78,4.15
698,3,31.00,40.35
698,4,99.56,113.57
698,5,667.56,822.93
698,6,915.67,1012.97
698,7,224.56,277.15
699,1,0.50,1.00
699,2,29.75,35.79
699,3,173.75,111.63
699,4,395.25,104.16
699,5,790.75,169.13
699,6,961.75,369.66
699,7,170.50,93.67
700,1,0.00,0.00
700,2,4.00,4.36
700,3,58.67,18.61
700,4,59.67,36.67
700,5,368.67,166.68
700,6,1372.33,602.83
700,7,189.67,54.59
701,1,0.00,0.00
701,2,0.00,0.00
701,3,0.00,0.00
701,4,2.80,4.09
701,5,27.20,21.53
701,6,97.60,82.93
701,7,29.60,45.58
702,1,0.00,0.00
702,2,9.67,10.54
702,3,73.67,39.91
702,4,140.50,77.53
702,5,716.00,542.06
702,6,2385.67,2382.97
702,7,407.17,458.29
703,1,0.50,1.07
703,2,8.62,7.73
703,3,3.75,6.80
703,4,110.62,169.75
703,5,928.12,880.54
703,6,1915.12,1277.09
703,7,419.88,220.54
704,1,0.00,0.00
704,2,1.00,1.41
704,3,20.20,11.19
704,4,15.80,8.58
704,5,123.00,92.45
704,6,356.00,89.79
704,7,114.20,44.89
705,1,5.20,7.40
705,2,210.60,381.45
705,3,328.80,437.84
705,4,435.00,498.96
705,5,811.00,750.08
705,6,1595.00,2133.48
705,7,448.20,656.30
706,1,0.00,0.00
706,2,2.00,4.47
706,3,23.40,15.11
706,4,91.60,58.33
706,5,353.00,473.60
706,6,1127.20,1122.81
706,7,218.60,134.54
707,1,2.00,0.82
707,2,9.50,7.23
707,3,197.25,195.15
707,4,281.00,126.86
707,5,1755.50,1643.37
707,6,5709.25,7823.02
707,7,930.50,1255.35
708,1,0.00,0.00
708,2,1.14,1.46
708,3,19.57,11.31
708,4,39.57,37.26
708,5,235.00,245.80
708,6,459.00,368.01
708,7,121.71,59.19
709,1,0.00,0.00
709,2,0.50,1.00
709,3,19.00,11.58
709,4,110.50,38.91
709,5,547.00,354.81
709,6,1107.00,1102.06
709,7,486.75,551.71
710,1,1.14,1.86
710,2,35.71,67.13
710,3,51.14,70.90
710,4,164.86,149.03
710,5,587.14,401.20
710,6,1653.14,951.69
710,7,537.00,346.80
711,1,0.20,0.45
711,2,10.00,10.93
711,3,268.40,214.53
711,4,210.80,236.27
711,5,753.80,489.94
711,6,685.00,520.12
711,7,105.80,72.70
712,1,0.00,0.00
712,2,6.20,5.45
712,3,31.80,20.80
712,4,51.00,31.96
712,5,156.00,77.00
712,6,815.60,712.59
712,7,211.80,160.16
713,1,0.00,0.00
713,2,3.00,2.74
713,3,84.20,63.79
713,4,186.60,81.11
713,5,839.00,612.91
713,6,2604.00,1554.17
713,7,334.60,188.24
714,1,1.80,3.49
714,2,42.40,86.48
714,3,104.60,58.94
714,4,238.40,294.85
714,5,1883.60,2892.38
714,6,5347.20,7782.02
714,7,1052.20,1693.48
715,1,1.20,2.17
715,2,35.80,29.84
715,3,81.20,63.33
715,4,828.80,842.41
715,5,4739.40,2969.91
715,6,3337.80,1240.07
715,7,448.80,134.02
716,1,0.00,0.00
716,2,1.33,3.27
716,3,8.00,9.61
716,4,45.83,46.29
716,5,461.67,634.95
716,6,1415.17,2147.78
716,7,123.17,291.98
717,1,0.25,0.50
717,2,5.75,8.02
717,3,74.00,20.05
717,4,121.50,30.88
717,5,1148.00,420.54
717,6,2381.25,453.22
717,7,286.50,72.29
718,1,1.29,2.63
718,2,14.43,29.06
718,3,19.86,21.24
718,4,55.29,48.78
718,5,252.29,195.75
718,6,912.00,1009.63
718,7,264.57,317.02
719,1,10.29,14.76
719,2,187.14,443.47
719,3,1088.86,2466.93
719,4,2404.71,5306.22
719,5,11526.00,24467.84
719,6,19183.14,29803.24
719,7,4791.57,6667.46
720,1,0.00,0.00
720,2,9.86,16.77
720,3,50.71,52.02
720,4,84.57,49.98
720,5,560.86,581.03
720,6,882.57,711.93
720,7,108.86,54.12
721,1,1.00,1.73
721,2,10.60,8.82
721,3,40.20,20.81
721,4,228.80,182.51
721,5,574.00,319.15
721,6,1022.40,1004.46
721,7,314.20,286.86
722,1,0.00,0.00
722,2,0.43,1.13
722,3,16.29,15.36
722,4,77.71,99.70
722,5,438.00,529.38
722,6,681.86,860.59
722,7,39.00,87.89
723,1,3.50,3.32
723,2,0.00,0.00
723,3,914.25,775.89
723,4,1988.25,1497.82
723,5,8524.00,6588.46
723,6,11926.75,7747.23
723,7,1764.75,1269.42
724,1,0.00,0.00
724,2,0.00,0.00
724,3,1.00,1.41
724,4,0.75,1.50
724,5,7.00,11.40
724,6,115.75,145.27
724,7,21.75,29.70
725,1,1.50,2.12
725,2,0.50,0.71
725,3,0.00,0.00
725,4,49.00,69.30
725,5,421.00,595.38
725,6,861.00,1217.64
725,7,0.00,0.00
726,1,0.00,0.00
726,2,1.80,2.49
726,3,13.60,15.49
726,4,65.40,131.38
726,5,141.60,201.65
726,6,332.00,374.23
726,7,13.60,28.23
727,1,0.00,0.00
727,2,1.00,1.41
727,3,42.50,10.61
727,4,318.00,274.36
727,5,610.50,70.00
727,6,645.50,101.12
727,7,213.50,4.95
728,1,0.00,0.00
728,2,0.50,0.71
728,3,3.00,0.00
728,4,3.00,0.00
728,5,31.50,10.61
728,6,166.50,228.40
728,7,32.00,45.25
729,1,0.00,0.00
729,2,4.00,6.93
729,3,2.67,3.79
729,4,3.33,5.77
729,5,209.00,355.07
729,6,325.00,503.54
729,7,115.33,192.00
730,1,0.50,1.22
730,2,3.67,4.13
730,3,36.50,17.49
730,4,52.00,21.00
730,5,223.17,64.73
730,6,1031.00,641.60
730,7,246.50,153.53
731,1,0.00,0.00
731,2,0.00,0.00
731,3,118.50,197.57
731,4,382.25,411.67
731,5,3675.00,3857.82
731,6,7307.25,6422.19
731,7,1024.50,1284.27
732,1,2.33,4.32
732,2,53.33,45.84
732,3,99.50,90.23
732,4,313.33,200.33
732,5,714.83,298.75
732,6,1136.67,186.77
732,7,195.17,56.09
733,1,0.00,0.00
733,2,0.00,0.00
733,3,31.00,29.39
733,4,58.00,37.92
733,5,251.40,96.52
733,6,1311.60,830.51
733,7,379.80,294.13
734,1,1.17,1.83
734,2,6.50,15.44
734,3,31.00,65.63
734,4,172.33,368.81
734,5,3389.67,7778.80
734,6,7271.33,15560.16
734,7,1215.50,2495.06
735,1,0.17,0.41
735,2,3.83,3.87
735,3,108.67,44.13
735,4,146.17,113.10
735,5,608.67,495.35
735,6,1469.67,684.19
735,7,291.83,140.01
736,1,0.00,0.00
736,2,0.56,0.73
736,3,18.56,9.63
736,4,108.56,96.97
736,5,225.78,179.70
736,6,952.22,717.39
736,7,289.22,207.49
737,1,0.00,0.00
737,2,2.00,2.16
737,3,92.00,63.97
737,4,146.25,81.29
737,5,533.25,72.23
737,6,2461.00,846.20
737,7,404.75,167.38
738,1,0.20,0.45
738,2,5.40,12.07
738,3,16.80,7.89
738,4,90.60,104.52
738,5,94.40,47.07
738,6,289.60,131.11
738,7,144.40,84.47
739,1,0.00,0.00
739,2,12.25,13.43
739,3,8.50,7.94
739,4,83.00,77.79
739,5,337.00,275.36
739,6,331.75,280.01
739,7,59.00,48.18
740,1,4.71,8.04
740,2,443.43,1128.77
740,3,1354.00,3439.61
740,4,1330.71,3264.60
740,5,1267.43,1967.33
740,6,1549.71,1780.36
740,7,290.43,331.14
741,1,0.20,0.45
741,2,6.00,11.81
741,3,17.00,9.87
741,4,131.80,89.18
741,5,67.00,31.10
741,6,475.20,565.40
741,7,261.00,252.90
742,1,2.00,3.61
742,2,78.00,124.55
742,3,62.57,103.00
742,4,292.29,437.05
742,5,2983.29,4920.71
742,6,5463.14,7526.31
742,7,1118.71,1238.77
743,1,0.14,0.38
743,2,0.14,0.38
743,3,9.86,21.44
743,4,78.29,60.50
743,5,265.71,426.27
743,6,661.14,1658.97
743,7,56.14,136.69
745,1,0.67,1.15
745,2,17.67,19.14
745,3,133.67,174.59
745,4,215.33,276.00
745,5,475.00,420.30
745,6,1544.33,585.15
745,7,325.33,239.95
746,1,0.00,0.00
746,2,0.00,0.00
746,3,0.00,0.00
746,4,9.50,13.44
746,5,30.00,9.90
746,6,251.00,104.65
746,7,24.50,16.26
747,1,1.50,2.38
747,2,5.50,11.00
747,3,65.75,92.16
747,4,167.75,195.36
747,5,292.50,452.11
747,6,883.25,1053.12
747,7,392.50,446.55
749,1,10.20,15.21
749,2,330.80,485.94
749,3,1914.60,2685.88
749,4,5159.20,5419.36
749,5,20756.40,25968.73
749,6,30040.40,31709.74
749,7,6672.60,7190.60
750,1,0.00,0.00
750,2,26.50,19.95
750,3,148.50,194.16
750,4,341.67,227.50
750,5,1607.83,1139.54
750,6,3545.00,2513.28
750,7,760.00,721.08
751,1,2.00,2.16
751,2,51.75,31.28
751,3,86.00,74.13
751,4,764.50,1018.10
751,5,4713.75,3779.68
751,6,3169.50,1644.06
751,7,425.75,212.97
752,1,5.20,10.52
752,2,218.60,373.66
752,3,2918.60,6122.20
752,4,9507.60,19023.53
752,5,13836.60,15537.84
752,6,19721.00,12899.55
752,7,3375.60,2396.82
753,1,10.33,11.02
753,2,23.33,16.44
753,3,129.00,141.36
753,4,340.00,85.98
753,5,3381.00,1714.47
753,6,3929.33,1184.16
753,7,595.67,58.29
754,1,0.33,0.58
754,2,32.67,28.73
754,3,17.67,16.56
754,4,196.67,161.02
754,5,975.67,1159.07
754,6,2174.00,1588.68
754,7,424.33,310.09
755,1,8.00,13.00
755,2,30.33,12.01
755,3,149.67,123.90
755,4,521.33,205.28
755,5,4734.67,2493.32
755,6,3545.00,1821.86
755,7,446.33,222.87
756,1,0.00,0.00
756,2,0.25,0.50
756,3,4.75,6.60
756,4,82.50,42.45
756,5,128.00,78.74
756,6,404.75,492.38
756,7,74.00,101.45
757,1,6.75,5.06
757,2,41.50,65.80
757,3,61.75,61.45
757,4,343.00,93.36
757,5,2158.75,1429.02
757,6,6319.00,3429.91
757,7,1242.00,1156.06
758,1,0.00,0.00
758,2,1.00,2.00
758,3,14.00,15.43
758,4,51.50,71.01
758,5,686.50,939.77
758,6,883.00,928.53
758,7,179.00,139.73
759,1,0.00,0.00
759,2,0.12,0.35
759,3,4.25,7.36
759,4,31.25,35.62
759,5,210.50,397.02
759,6,751.62,1694.60
759,7,114.50,245.50
760,1,0.00,0.00
760,2,0.00,0.00
760,3,15.50,19.42
760,4,53.50,34.02
760,5,533.50,550.66
760,6,1912.00,2303.31
760,7,200.00,346.82
761,1,3.10,5.69
761,2,34.80,28.90
761,3,103.50,109.32
761,4,410.60,680.58
761,5,2177.70,2406.68
761,6,2898.80,1992.51
761,7,492.40,391.94
762,1,2.86,1.68
762,2,16.57,9.66
762,3,67.00,63.33
762,4,305.00,206.17
762,5,3626.86,2616.22
762,6,4373.14,3308.08
762,7,608.71,566.38
764,1,4.80,8.53
764,2,64.80,47.23
764,3,22.60,25.24
764,4,189.20,160.34
764,5,1647.40,1671.51
764,6,3779.80,4016.10
764,7,880.00,1159.07
765,1,0.67,1.21
765,2,17.83,19.16
765,3,163.83,164.83
765,4,696.00,610.56
765,5,3156.00,2424.58
765,6,3469.67,2847.34
765,7,593.17,267.41
766,1,7.83,10.68
766,2,178.83,351.66
766,3,237.50,420.88
766,4,300.33,505.65
766,5,714.17,844.87
766,6,1684.17,1971.13
766,7,402.50,606.78
767,1,0.00,0.00
767,2,0.00,0.00
767,3,0.40,0.89
767,4,20.20,26.24
767,5,31.40,44.67
767,6,54.00,56.12
767,7,4.20,7.76
768,1,0.38,0.74
768,2,9.38,20.40
768,3,42.38,60.28
768,4,224.12,460.36
768,5,2399.75,4394.47
768,6,4856.12,8792.71
768,7,871.88,1088.71
769,1,0.25,0.50
769,2,3.00,6.00
769,3,44.00,50.04
769,4,200.50,278.69
769,5,1857.50,2168.40
769,6,4163.00,3290.68
769,7,1080.00,824.94
770,1,0.71,1.25
770,2,3.86,6.89
770,3,33.14,35.21
770,4,223.57,257.13
770,5,1176.57,1273.13
770,6,2607.43,3022.05
770,7,457.71,691.83
771,1,0.75,1.16
771,2,7.00,8.19
771,3,183.88,147.15
771,4,168.50,210.54
771,5,383.00,488.75
771,6,504.50,378.17
771,7,96.25,61.31
772,1,0.00,0.00
772,2,0.00,0.00
772,3,9.00,7.87
772,4,73.00,37.43
772,5,526.00,470.72
772,6,685.00,519.98
772,7,59.00,95.52
773,1,1.00,2.24
773,2,25.43,38.86
773,3,98.86,82.07
773,4,161.57,68.40
773,5,822.29,677.13
773,6,2029.43,1367.90
773,7,417.00,209.54
774,1,1.17,2.86
774,2,4.00,6.51
774,3,54.83,42.72
774,4,117.83,64.05
774,5,316.33,213.74
774,6,568.33,813.63
774,7,331.33,629.35
776,1,7.33,17.96
776,2,257.50,579.98
776,3,361.17,803.49
776,4,263.50,472.33
776,5,600.83,990.90
776,6,1218.00,2185.65
776,7,296.67,506.29
777,1,0.00,0.00
777,2,0.00,0.00
777,3,0.00,0.00
777,4,80.50,57.01
777,5,93.25,60.31
777,6,22.50,14.91
777,7,3.25,4.03
778,1,1.33,3.27
778,2,13.50,31.13
778,3,36.33,57.67
778,4,38.00,61.30
778,5,196.17,296.38
778,6,754.17,1064.65
778,7,172.33,229.10
779,1,1.40,2.61
779,2,2.40,2.51
779,3,76.60,37.74
779,4,88.20,68.50
779,5,158.40,124.39
779,6,514.20,334.28
779,7,141.20,97.35
781,1,1.80,3.49
781,2,90.40,104.37
781,3,93.20,70.60
781,4,373.40,365.43
781,5,2505.00,2920.22
781,6,6443.80,8094.62
781,7,1322.00,1695.45
782,1,0.00,0.00
782,2,0.50,0.71
782,3,91.50,118.09
782,4,28.00,14.14
782,5,397.00,16.97
782,6,569.00,107.48
782,7,265.50,81.32
783,1,0.00,0.00
783,2,0.00,0.00
783,3,0.00,0.00
783,4,2.00,1.41
783,5,20.50,3.54
783,6,33.50,9.19
783,7,17.50,12.02
784,1,0.00,0.00
784,2,0.00,0.00
784,3,0.00,0.00
784,4,2.60,4.34
784,5,16.80,25.72
784,6,61.20,93.80
784,7,10.40,12.60
785,1,0.00,0.00
785,2,0.00,0.00
785,3,0.00,0.00
785,4,0.80,0.84
785,5,12.80,12.32
785,6,48.20,51.77
785,7,29.20,46.64
786,1,0.00,0.00
786,2,0.00,0.00
786,3,16.67,17.44
786,4,51.17,92.10
786,5,162.50,150.03
786,6,504.33,439.53
786,7,310.17,352.85
787,1,0.00,0.00
787,2,0.33,0.52
787,3,115.33,106.00
787,4,280.83,165.72
787,5,995.00,599.90
787,6,2440.67,1195.26
787,7,248.50,155.22
789,1,0.83,2.04
789,2,3.67,8.98
789,3,51.33,79.52
789,4,159.50,189.94
789,5,209.67,373.88
789,6,611.83,912.02
789,7,252.83,402.14
790,1,0.00,0.00
790,2,28.33,25.00
790,3,31.17,26.68
790,4,95.50,55.71
790,5,327.17,190.38
790,6,470.33,297.66
790,7,79.67,50.44
791,1,1.25,2.50
791,2,11.25,18.71
791,3,98.00,63.42
791,4,289.50,145.14
791,5,3024.00,3359.31
791,6,5233.75,4751.31
791,7,570.50,489.22
792,1,14.33,33.01
792,2,531.17,1628.43
792,3,2904.94,7802.27
792,4,5240.06,10807.20
792,5,11659.61,20121.50
792,6,14863.22,21188.85
792,7,3450.06,4783.75
793,1,0.20,0.45
793,2,3.40,3.05
793,3,77.20,65.91
793,4,168.00,117.41
793,5,810.80,349.71
793,6,1187.80,536.98
793,7,171.00,75.23
794,1,0.40,0.55
794,2,33.80,32.94
794,3,374.80,326.64
794,4,1355.80,1030.07
794,5,6300.60,3800.74
794,6,10204.80,9719.70
794,7,1677.20,1881.09
795,1,0.60,1.34
795,2,113.20,220.23
795,3,230.60,412.91
795,4,320.20,564.63
795,5,830.40,1509.78
795,6,1075.20,1741.59
795,7,240.00,392.64
797,1,0.60,0.89
797,2,18.00,18.60
797,3,64.80,97.78
797,4,462.00,555.03
797,5,2023.80,1941.87
797,6,2984.40,2594.78
797,7,536.80,452.91
798,1,0.20,0.45
798,2,15.40,9.34
798,3,302.40,155.69
798,4,958.60,492.06
798,5,3742.80,2059.91
798,6,6564.80,3042.20
798,7,1309.20,695.39
799,1,4.43,8.38
799,2,34.14,22.84
799,3,119.57,106.55
799,4,723.86,730.71
799,5,4084.14,2636.63
799,6,3358.71,2327.14
799,7,335.43,198.33
800,1,1.00,2.00
800,2,9.75,18.84
800,3,53.75,73.86
800,4,293.25,421.69
800,5,6118.75,8916.32
800,6,14938.75,17339.58
800,7,2464.25,2840.08
801,1,2.25,4.50
801,2,4.75,5.91
801,3,25.75,35.61
801,4,139.75,200.83
801,5,4537.00,4673.30
801,6,12560.50,11133.70
801,7,1872.00,1663.52
802,1,0.20,0.45
802,2,87.60,167.02
802,3,68.80,149.94
802,4,262.40,542.42
802,5,3241.00,6515.57
802,6,6396.40,12028.83
802,7,796.60,1379.13
803,1,0.00,0.00
803,2,6.40,9.32
803,3,0.80,1.30
803,4,39.80,39.78
803,5,512.80,556.81
803,6,1264.00,1115.15
803,7,258.80,174.44
804,1,0.60,1.34
804,2,4.60,6.50
804,3,0.20,0.45
804,4,48.60,33.46
804,5,502.60,507.76
804,6,1471.20,1110.43
804,7,342.00,250.22
805,1,3.50,5.74
805,2,57.00,53.37
805,3,176.75,188.50
805,4,364.50,370.67
805,5,1457.25,1359.32
805,6,7642.50,10388.96
805,7,2691.25,3683.12
806,1,0.83,1.33
806,2,29.50,25.54
806,3,171.67,192.55
806,4,297.83,335.60
806,5,840.83,427.79
806,6,1957.00,775.92
806,7,526.83,193.03
807,1,5.86,8.95
807,2,26.43,31.88
807,3,35.86,46.56
807,4,166.14,130.72
807,5,1328.71,1220.35
807,6,4422.43,4690.56
807,7,936.14,1143.61
808,1,0.25,0.50
808,2,7.25,7.14
808,3,60.25,32.49
808,4,121.75,17.65
808,5,696.00,217.26
808,6,2539.50,897.12
808,7,373.00,92.48
809,1,0.00,0.00
809,2,1.00,2.00
809,3,6.50,12.57
809,4,4.50,7.79
809,5,44.33,86.85
809,6,84.33,148.49
809,7,5.50,8.24
810,1,3.00,2.16
810,2,72.00,113.80
810,3,99.25,112.18
810,4,491.00,542.40
810,5,6333.75,8941.98
810,6,13105.25,17627.49
810,7,2306.00,2719.86
811,1,0.00,0.00
811,2,2.40,5.37
811,3,3.80,3.77
811,4,23.40,33.55
811,5,159.20,259.56
811,6,224.20,383.02
811,7,88.40,144.16
812,1,0.00,0.00
812,2,0.00,0.00
812,3,7.60,10.41
812,4,38.40,51.57
812,5,261.60,408.62
812,6,394.40,502.32
812,7,12.60,21.08
813,1,0.00,0.00
813,2,0.50,1.22
813,3,22.50,23.21
813,4,100.00,122.63
813,5,399.83,535.24
813,6,596.33,964.72
813,7,85.17,101.65
814,1,0.00,0.00
814,2,1.86,4.49
814,3,11.29,26.46
814,4,22.00,53.48
814,5,247.57,408.30
814,6,586.29,1104.88
814,7,119.57,164.49
815,1,0.00,0.00
815,2,0.00,0.00
815,3,0.00,0.00
815,4,0.40,0.55
815,5,8.00,7.58
815,6,61.00,54.34
815,7,10.60,12.18
816,1,0.00,0.00
816,2,2.17,3.92
816,3,18.67,15.07
816,4,146.67,109.37
816,5,435.17,420.08
816,6,1515.83,1110.94
816,7,407.33,399.83
817,1,0.00,0.00
817,2,0.00,0.00
817,3,32.00,25.46
817,4,282.50,324.56
817,5,443.00,166.88
817,6,557.00,24.04
817,7,205.00,16.97
818,1,0.00,0.00
818,2,1.80,3.49
818,3,41.40,72.50
818,4,50.60,55.11
818,5,561.40,620.47
818,6,1085.00,1324.37
818,7,17.40,37.80
819,1,3.00,4.53
819,2,131.00,142.68
819,3,168.60,113.11
819,4,808.80,484.54
819,5,9769.80,4237.23
819,6,24325.00,4070.81
819,7,4433.20,1005.96
820,1,0.50,0.84
820,2,20.67,26.63
820,3,17.83,32.33
820,4,277.00,393.43
820,5,1481.50,1671.03
820,6,2589.33,1531.10
820,7,640.50,284.65
821,1,0.25,0.50
821,2,11.75,23.50
821,3,111.75,128.55
821,4,356.75,546.53
821,5,1455.25,1801.51
821,6,3003.75,3113.68
821,7,552.25,532.32
822,1,0.20,0.45
822,2,41.80,81.31
822,3,37.60,25.17
822,4,159.00,101.66
822,5,639.20,384.18
822,6,1769.60,878.75
822,7,552.80,279.12
824,1,0.00,0.00
824,2,9.71,10.72
824,3,68.71,77.98
824,4,126.86,119.79
824,5,617.57,550.98
824,6,1999.57,1767.56
824,7,682.57,579.94
825,1,0.00,0.00
825,2,0.00,0.00
825,3,3.00,6.42
825,4,12.50,13.17
825,5,71.50,139.70
825,6,136.83,305.34
825,7,14.83,34.38
826,1,2.50,5.00
826,2,12.00,24.00
826,3,37.50,19.74
826,4,100.00,73.11
826,5,708.50,631.34
826,6,1516.50,1219.69
826,7,380.00,322.05
827,1,1.50,3.67
827,2,110.00,242.13
827,3,195.00,399.52
827,4,741.50,1260.07
827,5,1893.67,3184.89
827,6,2534.17,3065.44
827,7,540.00,641.88
