Crop,Crop_Year,Area,Production
Apple,2002,4.0,0.0
Apple,2003,5.0,0.0
Arcanut (Processed),2002,144116.0,192831.0
Arecanut,1997,260686.0,308584.0
Arecanut,1998,264033.0,797454.0
Arecanut,1999,172792.0,162025.0
Arecanut,2000,303328.0,352915.0
Arecanut,2001,327572.0,374014.0
Arecanut,2002,189845.0,183255.0
Arecanut,2003,355772.0,414529.0
Arecanut,2004,281066.37,340328.05
Arecanut,2005,370899.45,1277052.46
Arecanut,2006,386009.0,529647.3
Arecanut,2007,357428.0,1318525.0
Arecanut,2008,378137.0,1414102.0
Arecanut,2009,383463.0,1458812.0
Arecanut,2010,399306.4999999999,2479449.5100000002
Arecanut,2011,411994.3599999999,1970322.3400000003
Arecanut,2012,407082.0,2007355.0
Arecanut,2013,411642.0,2622235.0
Arecanut,2014,350957.0,2335987.0
Arhar/Tur,1997,3325278.0,1693632.0
Arhar/Tur,1998,3192175.0,2555407.0
Arhar/Tur,1999,2964028.0,2505110.0
Arhar/Tur,2000,3626302.0,2251117.0
Arhar/Tur,2001,3304429.0,2245562.1
Arhar/Tur,2002,2963889.1500000004,1795828.47
Arhar/Tur,2003,3439893.06,2325382.12
Arhar/Tur,2004,2912104.08,1844665.11
Arhar/Tur,2005,2875328.46,2086762.83
Arhar/Tur,2006,3297134.83,2141779.0
Arhar/Tur,2007,2287957.6300000004,1760907.0
Arhar/Tur,2008,3113224.0,2060437.1
Arhar/Tur,2009,3221594.0,2226782.0
Arhar/Tur,2010,4289565.0,2714289.6
Arhar/Tur,2011,3752892.0,2448644.0
Arhar/Tur,2012,3220916.0,2625573.0
Arhar/Tur,2013,3289170.0,2756819.0
Arhar/Tur,2014,2715656.0,1292693.0
Ash Gourd,2002,744.0,0.0
Ash Gourd,2003,900.0,0.0
Atcanut (Raw),2002,144116.0,927250.0
Bajra,1997,9527424.0,7622765.0
Bajra,1998,9330295.0,7061996.0
Bajra,1999,8892668.0,5786557.699999999
Bajra,2000,9912134.0,6904935.2
Bajra,2001,9513740.0,8266184.0
Bajra,2002,7736866.0,4713967.300000001
Bajra,2003,10663550.0,12060751.0
Bajra,2004,9326100.0,8051663.0
Bajra,2005,9676568.0,7118575.8
Bajra,2006,9499237.0,8334550.0
Bajra,2007,8339105.0,8857533.2
Bajra,2008,8774882.0,8900867.0
Bajra,2009,8972422.0,6517369.0
Bajra,2010,9607246.0,12269842.0
Bajra,2011,3752948.0,6073769.0
Bajra,2012,3231616.0,4877053.0
Bajra,2013,2273701.0,3605052.0
Bajra,2014,2110302.0,2657565.8
Banana,1997,216302.0,8577683.0
Banana,1998,191319.0,6246379.0
Banana,1999,237692.0,5784603.0
Banana,2000,299425.0,6614610.0
Banana,2001,208732.0,4212733.0
Banana,2002,299715.0,6371622.0
Banana,2003,367239.0,10951296.0
Banana,2004,284571.52,7779682.52
Banana,2005,348902.8,9755820.129999999
Banana,2006,358134.57,11393879.0
Banana,2007,335154.0,10241292.0
Banana,2008,376387.0,11212644.0
Banana,2009,417236.0,12051070.0
Banana,2010,319391.13999999996,7452894.399999999
Banana,2011,396924.4,12647998.59
Banana,2012,164771.0,4132482.0
Banana,2013,299602.0,8951413.0
Banana,2014,128130.0,1754578.0
Barley,1997,772715.0,1586845.0
Barley,1998,735384.0,1474120.0
Barley,1999,661416.0,1384460.6
Barley,2000,764003.0,1418351.0
Barley,2001,655028.0,1417982.0
Barley,2002,664523.0,1378805.1
Barley,2003,653910.8200000001,1305483.28
Barley,2004,602355.5700000001,1172234.24
Barley,2005,614672.0,1182183.7
Barley,2006,556516.0,1245089.0
Barley,2007,604089.0,1196276.0
Barley,2008,685198.0,1669726.2000000002
Barley,2009,565424.0,1307238.0
Barley,2010,677806.0,1690447.0
Barley,2011,325548.0,777914.0
Barley,2012,347179.0,817666.0
Barley,2013,301480.0,700352.3
Barley,2014,220420.0,372621.5
Barley,2015,447.0,472.0
Bean,2013,2320.0,3080.0
Bean,2014,2330.0,3160.0
Beans & Mutter(Vegetable),2002,21543.0,84737.0
Beans & Mutter(Vegetable),2003,27120.0,126622.0
Beet Root,2002,925.0,0.0
Beet Root,2003,647.0,0.0
Ber,2002,101.0,0.0
Ber,2003,17.0,0.0
Bhindi,2002,32758.0,153024.0
Bhindi,2003,33997.0,164053.0
Bitter Gourd,2002,3334.0,80.0
Bitter Gourd,2003,3161.0,273.0
Black pepper,1997,181126.0,57204.0
Black pepper,1998,189416.0,79379.0
Black pepper,1999,205614.0,63684.0
Black pepper,2000,211034.0,78971.0
Black pepper,2001,213667.0,80436.0
Black pepper,2002,219583.0,90660.0
Black pepper,2003,231897.5,93637.23
Black pepper,2004,252164.0,103300.22
Black pepper,2005,257875.45,121050.05
Black pepper,2006,235408.26,94520.0
Black pepper,2007,198629.0,97965.0
Black pepper,2008,178573.0,114277.0
Black pepper,2009,197854.0,121113.0
Black pepper,2010,197783.55,63163.56999999999
Black pepper,2011,115372.38,50201.34
Black pepper,2012,116025.0,128544.0
Black pepper,2013,121165.0,106726.0
Black pepper,2014,123368.0,239403.0
Blackgram,1998,25116.0,18601.0
Blackgram,2008,39723.0,23058.0
Blackgram,2011,680.0,450.0
Blackgram,2012,995.0,580.0
Blackgram,2013,1134.0,610.0
Blackgram,2014,1193.0,640.0
Bottle Gourd,2002,1259.0,130.0
Bottle Gourd,2003,1384.0,468.0
Brinjal,2002,54292.0,351756.0
Brinjal,2003,57488.0,534447.0
Brinjal,2011,52.0,694.0
Brinjal,2012,14903.0,189196.0
Brinjal,2013,14425.0,153224.0
Brinjal,2014,14788.0,212855.0
Cabbage,2002,7795.0,143193.0
Cabbage,2003,8070.0,96107.0
Cabbage,2012,1459.0,29767.0
Cabbage,2013,1506.0,24706.0
Cabbage,2014,1525.0,17646.0
Cardamom,1997,29168.0,1701.0
Cardamom,1998,68739.0,7144.0
Cardamom,1999,65628.0,8528.0
Cardamom,2000,63313.0,8916.0
Cardamom,2001,44211.0,9084.0
Cardamom,2002,63691.0,10487.0
Cardamom,2003,68907.0,11163.0
Cardamom,2004,65777.87,10171.7
Cardamom,2005,68942.0,12044.0
Cardamom,2006,73404.0,12470.0
Cardamom,2007,65554.0,9511.0
Cardamom,2008,66522.0,11766.0
Cardamom,2009,64421.0,9397.0
Cardamom,2010,19081.0,1550.0
Cardamom,2011,32194.0,2699.0
Cardamom,2012,60886.0,11800.0
Cardamom,2013,62446.0,15882.0
Cardamom,2014,57984.0,17429.0
Carrot,2002,2630.0,2085.0
Carrot,2003,2242.0,1981.0
Cashewnut,1997,178834.0,93512.0
Cashewnut,1998,169743.0,66498.0
Cashewnut,1999,165445.0,86065.0
Cashewnut,2000,326562.0,117940.0
Cashewnut,2001,238079.0,104955.0
Cashewnut,2002,342328.0,128810.0
Cashewnut,2003,347299.5,151565.64
Cashewnut,2004,392434.0,164572.0
Cashewnut,2005,388305.5,179427.02000000002
Cashewnut,2006,375398.0,174742.13
Cashewnut,2007,215302.0,132249.0
Cashewnut,2008,364787.0,177692.22000000003
Cashewnut,2009,350774.0,176225.0
Cashewnut,2010,255319.75000000003,130696.53
Cashewnut,2011,361004.20999999996,167522.69
Cashewnut,2012,246463.0,138809.0
Cashewnut,2013,514744.0,237175.0
Cashewnut,2014,293700.0,162723.0
Cashewnut Processed,2002,57461.0,8121.0
Cashewnut Raw,2002,146009.0,98462.0
Castor seed,1997,582573.0,784499.0
Castor seed,1998,674400.0,837359.0
Castor seed,1999,788993.0,768396.0
Castor seed,2000,1090322.0,888974.3999999999
Castor seed,2001,690223.0,644482.01
Castor seed,2002,582515.0,427661.01
Castor seed,2003,691831.0,791304.0
Castor seed,2004,761829.0,804809.0
Castor seed,2005,866800.0,943575.0
Castor seed,2006,667053.0,801817.0
Castor seed,2007,717429.0,1044589.7000000001
Castor seed,2008,780678.0,1153479.0
Castor seed,2009,733883.0,998495.0
Castor seed,2010,889033.0,1374614.0
Castor seed,2011,1167829.0,1877712.0
Castor seed,2012,907208.0,1561749.5299999998
Castor seed,2013,279970.0,179516.0
Castor seed,2014,129310.0,69027.0
Cauliflower,2002,7831.0,8775.0
Cauliflower,2003,8881.0,9658.0
Citrus Fruit,2002,93685.0,382994.0
Citrus Fruit,2003,80159.0,496573.0
Coconut ,1997,1064229.0,6344142.0
Coconut ,1998,1237644.0,5283860454.4
Coconut ,1999,1279564.0,5859817269.7
Coconut ,2000,1437422.0,6880408907.8
Coconut ,2001,1454159.0,6881286541.800001
Coconut ,2002,1799396.0,7150889366.5
Coconut ,2003,1804708.74,7355742937.399999
Coconut ,2004,1839782.4,7663983741.690001
Coconut ,2005,1842178.02,7453185484.0
Coconut ,2006,1847003.0899999999,8092567153.0
Coconut ,2007,1682671.0,6299914140.0
Coconut ,2008,1752448.0,7039783510.0
Coconut ,2009,1735991.0,7041992679.0
Coconut ,2010,1255481.13,5596200360.0
Coconut ,2011,1810864.9400000002,13594217922.0
Coconut ,2012,1360932.0,7494435081.0
Coconut ,2013,1815921.0,12219187977.0
Coconut ,2014,1361285.0,8067811549.0
Coffee,2001,84795.0,66690.0
Coffee,2002,83113.0,63322.0
Colocosia,2013,5240.0,49840.0
Cond-spcs other,1999,2767.0,2260.4
Coriander,1997,57930.0,13169.0
Coriander,1998,282419.0,199226.0
Coriander,1999,332855.0,209609.0
Coriander,2000,346681.0,228107.0
Coriander,2001,396757.0,304873.0
Coriander,2002,277552.0,166344.11000000002
Coriander,2003,475769.0,383956.01
Coriander,2004,362921.0,253312.0
Coriander,2005,207063.0,168992.0
Coriander,2006,305794.0,225518.0
Coriander,2007,381979.0,223921.1
Coriander,2008,450818.0,362266.0
Coriander,2009,452712.0,386824.0
Coriander,2010,401461.0,304370.0
Coriander,2011,195017.0,89127.0
Coriander,2012,159516.0,95047.0
Coriander,2013,182039.0,113840.0
Coriander,2014,55217.0,26616.0
Cotton(lint),1997,5230253.0,10443524.0
Cotton(lint),1998,9331489.0,11167120.0
Cotton(lint),1999,8717476.0,10641844.0
Cotton(lint),2000,8550604.0,9154973.0
Cotton(lint),2001,9038620.0,9835595.0
Cotton(lint),2002,7632933.0,8561894.2
Cotton(lint),2003,7550673.0,13623687.0
Cotton(lint),2004,8748496.0,16974350.0
Cotton(lint),2005,8669295.0,18388534.5
Cotton(lint),2006,9060875.0,20890976.0
Cotton(lint),2007,6188044.0,17294926.0
Cotton(lint),2008,9337428.0,20777198.0
Cotton(lint),2009,9984615.0,20898065.0
Cotton(lint),2010,10929723.0,27317346.0
Cotton(lint),2011,11685196.0,27366253.0
Cotton(lint),2012,9530632.0,19767509.0
Cotton(lint),2013,8395561.0,20314588.0
Cotton(lint),2014,7986162.0,13581633.0
Cowpea(Lobia),2009,3672.0,1302.0
Cowpea(Lobia),2010,100769.0,44207.0
Cowpea(Lobia),2011,108668.0,56644.0
Cowpea(Lobia),2012,91754.0,31974.0
Cowpea(Lobia),2013,106725.0,50599.0
Cowpea(Lobia),2014,99184.0,55912.0
Cucumber,2002,5490.0,0.0
Cucumber,2003,7079.0,0.0
Drum Stick,2002,26747.0,23052.0
Drum Stick,2003,27447.0,23101.0
Drum Stick,2012,15465.0,14877.0
Drum Stick,2013,16356.0,15757.0
Drum Stick,2014,494.0,334.0
Dry chillies,1997,536530.0,618764.0
Dry chillies,1998,610821.0,857038.0
Dry chillies,1999,800194.0,932081.0
Dry chillies,2000,735060.0,910118.0
Dry chillies,2001,673963.0,932870.0
Dry chillies,2002,700259.0,812634.71
Dry chillies,2003,659096.0,1168856.0
Dry chillies,2004,678980.0,1114208.0
Dry chillies,2005,478097.7,805665.7
Dry chillies,2006,584710.3200000001,1103407.0
Dry chillies,2007,578892.0,1135128.5
Dry chillies,2008,527856.0,1120759.0
Dry chillies,2009,396675.0,1058262.0
Dry chillies,2010,430337.0,958872.0
Dry chillies,2011,514414.0,1073377.0
Dry chillies,2012,304671.0,775380.0
Dry chillies,2013,456283.0,1181768.0
Dry chillies,2014,349000.0,1153065.3
Dry ginger,1997,12119.0,69027.0
Dry ginger,1998,40244.0,210103.0
Dry ginger,1999,59645.0,285932.0
Dry ginger,2000,69235.0,344098.0
Dry ginger,2001,72884.0,363052.0
Dry ginger,2002,73333.3,358976.1
Dry ginger,2003,69386.0,331064.6
Dry ginger,2004,76220.0,385722.0
Dry ginger,2005,68384.0,513899.1
Dry ginger,2006,77557.56,479300.0
Dry ginger,2007,71660.0,605306.7
Dry ginger,2008,87155.0,1166719.0
Dry ginger,2009,97500.0,1715891.0
Dry ginger,2010,101069.93000000001,481720.36000000004
Dry ginger,2011,68527.59000000001,287321.36
Dry ginger,2012,51527.0,691246.0
Dry ginger,2013,56182.0,708261.0
Dry ginger,2014,56513.0,1048689.9
Garlic,1997,28730.0,146910.0
Garlic,1998,49016.0,262203.0
Garlic,1999,106884.0,440495.0
Garlic,2000,51837.0,155232.0
Garlic,2001,61580.0,230515.0
Garlic,2002,76085.0,258432.0
Garlic,2003,103204.0,508230.0
Garlic,2004,142715.0,622352.0
Garlic,2005,93109.0,461115.0
Garlic,2006,136113.0,655956.0
Garlic,2007,153963.0,806270.7
Garlic,2008,156330.0,757611.0
Garlic,2009,134949.0,626318.0
Garlic,2010,124884.0,555389.0
Garlic,2011,159693.0,789084.0
Garlic,2012,126239.0,647729.0
Garlic,2013,127342.0,658224.1
Garlic,2014,41016.0,206708.0
Ginger,2010,4554.0,38669.0
Ginger,2011,21395.0,170999.0
Ginger,2012,22461.0,187444.0
Ginger,2013,22968.0,185586.7
Ginger,2014,26991.0,239227.0
Gram,1997,4585523.0,3540892.0
Gram,1998,8235819.0,6720194.0
Gram,1999,6029056.0,4979295.5
Gram,2000,5186116.0,3857590.0
Gram,2001,6405943.0,5467635.0
Gram,2002,5892949.47,4227669.42
Gram,2003,7067229.21,5738794.98
Gram,2004,6636121.220000001,5376640.0
Gram,2005,6819569.26,5571145.67
Gram,2006,7625707.57,6392945.0
Gram,2007,6348748.220000001,4773122.0
Gram,2008,7818443.0,6998378.2
Gram,2009,7274008.0,6876010.0
Gram,2010,8862826.0,7674255.16
Gram,2011,6335184.0,5999415.0
Gram,2012,6544957.0,6702250.0
Gram,2013,6811890.0,5682559.4
Gram,2014,3727871.0,2835444.0
Grapes,2002,14427.0,366079.0
Grapes,2003,51583.0,1363200.0
Grapes,2012,270.0,8188.0
Grapes,2013,276.0,6170.0
Grapes,2014,347.0,7956.0
Groundnut,1997,6480853.0,6749962.0
Groundnut,1998,7606552.0,9361175.0
Groundnut,1999,7068133.0,5684617.1
Groundnut,2000,6677439.0,6496004.800000001
Groundnut,2001,6229875.0,7016074.400000002
Groundnut,2002,5927555.0,4113401.7
Groundnut,2003,5967650.0,8108946.4
Groundnut,2004,6612902.0,6605247.0
Groundnut,2005,6634687.0,7826232.399999999
Groundnut,2006,5696732.0,5230123.200000001
Groundnut,2007,5880765.0,8667517.6
Groundnut,2008,6085076.0,6378706.599999998
Groundnut,2009,5432693.0,5310310.100000001
Groundnut,2010,5861460.25,8190107.899999998
Groundnut,2011,4877280.0,6205979.300000001
Groundnut,2012,4171486.0,3799964.4000000004
Groundnut,2013,3196574.0,3897524.8
Groundnut,2014,2276461.0,2046822.3000000003
Groundnut,2015,51206.0,56161.200000000004
Guar seed,1999,2980809.0,3745830.0
Guar seed,2000,3331472.0,541119.0
Guar seed,2001,2674148.0,934766.0
Guar seed,2002,766829.0,106252.0
Guar seed,2003,2582839.0,230900.0
Guar seed,2004,2188309.0,516935.0
Guar seed,2005,2658975.0,721007.0
Guar seed,2006,3032507.0,759123.0
Guar seed,2007,3108183.0,1375502.0
Guar seed,2008,3471323.0,1316055.0
Guar seed,2009,2722314.0,248113.0
Guar seed,2010,3126187.0,1632377.0
Guar seed,2011,181652.0,119424.0
Guar seed,2012,639853.0,448864.0
Guar seed,2013,39507.0,32381.0
Guar seed,2014,30250.0,22877.0
Horse-gram,1997,657910.0,285294.0
Horse-gram,1998,663336.0,277597.0
Horse-gram,1999,899385.0,359263.0
Horse-gram,2000,693829.0,295944.29999999993
Horse-gram,2001,602970.0,255656.10000000006
Horse-gram,2002,661129.0,204698.60000000006
Horse-gram,2003,627934.0,207062.50000000006
Horse-gram,2004,607586.0,231719.40000000005
Horse-gram,2005,573950.0,236505.5
Horse-gram,2006,612514.0,220711.99999999997
Horse-gram,2007,488831.0,212689.4999999999
Horse-gram,2008,449099.0,174640.80000000002
Horse-gram,2009,494902.0,230010.4
Horse-gram,2010,470891.0,232851.79999999993
Horse-gram,2011,412474.0,190875.30000000002
Horse-gram,2012,424369.0,177191.99999999994
Horse-gram,2013,406061.0,210084.2
Horse-gram,2014,324499.0,150374.30000000002
Horse-gram,2015,33362.0,9442.7
Jack Fruit,2002,95745.0,32983.0
Jack Fruit,2003,95873.0,27791.0
Jack Fruit,2012,89702.0,0.0
Jobster,2013,1170.0,1180.0
Jowar,1997,10699683.0,7675581.0
Jowar,1998,9881864.0,8595777.0
Jowar,1999,10333665.0,8793192.2
Jowar,2000,9989594.0,7704765.2
Jowar,2001,9767126.0,7535494.0
Jowar,2002,9274286.0,6997729.0
Jowar,2003,9299671.0,6646221.0
Jowar,2004,8995096.0,7055559.0
Jowar,2005,3905712.0,3502688.7
Jowar,2006,8430341.0,6960926.0
Jowar,2007,3643847.0,3792098.0
Jowar,2008,7273391.0,6600143.0
Jowar,2009,7787823.0,6567114.0
Jowar,2010,7110272.0,6602545.0
Jowar,2011,5574474.0,5316754.0
Jowar,2012,5340605.0,4818909.0
Jowar,2013,5681984.0,5553532.0
Jowar,2014,4726479.0,3879231.0
Jute,1997,979700.0,9937985.0
Jute,1998,882672.0,8881874.0
Jute,1999,854538.0,9470088.0
Jute,2000,836253.0,9323541.0
Jute,2001,871600.0,10527107.0
Jute,2002,862961.0,10262222.0
Jute,2003,847669.0,10244196.0
Jute,2004,771105.0,9384546.0
Jute,2005,756270.0,9973409.0
Jute,2006,802194.0,10433130.0
Jute,2007,813994.0,10207097.0
Jute,2008,785628.0,9637506.0
Jute,2009,813555.0,11256439.0
Jute,2010,769518.0,10007968.0
Jute,2011,806039.0,10734936.0
Jute,2012,776843.0,9132348.1
Jute,2013,754528.0,11067312.5
Jute,2014,743895.0,11073856.4
Jute,2015,1204.0,2616.9
Jute & mesta,1999,2365.0,17955.0
Jute & mesta,2000,2784.0,23635.0
Jute & mesta,2001,2980.0,25400.0
Jute & mesta,2002,3002.0,23307.0
Jute & mesta,2003,2765.0,22018.0
Kapas,1997,967.0,429.0
Kapas,1998,555.0,429.0
Kapas,2000,7340.0,7684.0
Khesari,1997,25261.0,28460.0
Khesari,1998,23300.0,20850.0
Khesari,1999,184055.0,181971.0
Khesari,2000,447916.0,294629.0
Khesari,2001,606893.0,387013.0
Khesari,2002,504221.0,310602.0
Khesari,2003,629631.0,442358.0
Khesari,2004,602691.0,288213.0
Khesari,2005,590364.0,317439.0
Khesari,2006,605929.0,372464.0
Khesari,2007,611583.0,692359.0
Khesari,2008,564069.0,347119.0
Khesari,2009,488211.0,334635.0
Khesari,2010,512130.0,357054.0
Khesari,2011,499465.0,365993.0
Khesari,2012,478986.0,319236.0
Khesari,2013,455938.0,308818.0
Khesari,2014,431876.0,398979.0
Korra,1997,30000.0,19200.0
Korra,1998,40200.0,28600.0
Korra,1999,4517.0,2030.0
Korra,2000,32965.0,24496.0
Korra,2001,26148.0,18359.0
Korra,2002,19024.0,11619.0
Korra,2003,26455.0,19409.0
Lab-Lab,2002,1466.0,0.0
Lab-Lab,2003,3402.0,0.0
Lemon,2012,23602.0,177221.0
Lemon,2013,24724.0,190739.0
Lemon,2014,26981.0,173034.0
Lentil,2013,2070.0,1680.0
Lentil,2014,12527.0,9082.0
Linseed,1997,428252.0,159224.0
Linseed,1998,531575.0,198915.0
Linseed,1999,532235.0,213357.6
Linseed,2000,487509.0,167930.60000000003
Linseed,2001,487262.0,191181.41000000003
Linseed,2002,434837.0,167357.21
Linseed,2003,414711.0,169275.1
Linseed,2004,383243.0,150249.0
Linseed,2005,373510.0,145127.0
Linseed,2006,361001.0,135482.0
Linseed,2007,262332.0,105013.6
Linseed,2008,287992.0,121424.1
Linseed,2009,285882.0,128774.0
Linseed,2010,257083.0,102643.0
Linseed,2011,238100.0,115206.0
Linseed,2012,222334.0,112872.0
Linseed,2013,193846.0,95987.9
Linseed,2014,114602.0,57260.0
Litchi,2002,4.0,0.0
Litchi,2003,21.0,0.0
Maize,1997,5644113.0,9797054.0
Maize,1998,5622919.0,10038590.0
Maize,1999,6253374.0,11245483.0
Maize,2000,6557280.0,11977311.2
Maize,2001,6348801.0,12669242.5
Maize,2002,6564168.33,11021981.250000002
Maize,2003,7127699.91,14638847.57
Maize,2004,7258644.15,13823196.470000003
Maize,2005,6982198.359999999,13775161.560000008
Maize,2006,7356970.78,14245663.500000007
Maize,2007,7266855.31,17585721.599999994
Maize,2008,7433947.0,18331296.799999993
Maize,2009,7371903.0,15260107.999999996
Maize,2010,8056623.54,22062416.22
Maize,2011,6888187.0,19307949.4
Maize,2012,6188793.0,17253317.499999993
Maize,2013,6876092.0,23348083.999999996
Maize,2014,5853562.0,16781092.1
Maize,2015,94542.0,179286.9
Mango,2002,625854.0,2779266.0
Mango,2003,835165.0,3100202.0
Mango,2010,213.0,2660.0
Mango,2011,206.0,401.0
Mango,2012,312443.0,2406212.0
Mango,2013,337770.0,2488087.0
Mango,2014,268695.0,1993708.0
Masoor,1997,544987.0,391681.0
Masoor,1998,647759.0,483634.0
Masoor,1999,731933.0,426268.0
Masoor,2000,961727.0,693305.5
Masoor,2001,959640.0,731059.63
Masoor,2002,884669.66,670348.15
Masoor,2003,915364.61,805034.08
Masoor,2004,875454.22,492046.93
Masoor,2005,884456.21,508988.18000000005
Masoor,2006,1464987.51,905346.0
Masoor,2007,1330943.0899999999,803037.28
Masoor,2008,1350829.0,937968.0
Masoor,2009,1426535.0,1007316.0
Masoor,2010,1618613.0,899177.0
Masoor,2011,1453770.0,972728.0
Masoor,2012,1290496.0,1017448.0
Masoor,2013,1209548.0,926025.0
Masoor,2014,724168.0,481973.1
Mesta,1997,125033.0,830152.0
Mesta,1998,110748.0,802893.0
Mesta,1999,77350.0,432914.0
Mesta,2000,160018.0,1175429.0
Mesta,2001,119488.0,919744.0
Mesta,2002,123232.0,858588.0
Mesta,2003,108804.0,773326.0
Mesta,2004,92520.0,724842.0
Mesta,2005,88549.0,782239.0
Mesta,2006,103858.0,852100.0
Mesta,2007,100889.0,846917.0
Mesta,2008,76724.0,608957.0
Mesta,2009,60846.0,445922.0
Mesta,2010,63594.0,506775.0
Mesta,2011,64894.0,570717.0
Mesta,2012,52572.0,311272.0
Mesta,2013,47172.0,509601.0
Mesta,2014,45074.0,441154.0
Moong(Green Gram),1997,1531709.0,574384.0
Moong(Green Gram),1998,2774409.0,1009451.0
Moong(Green Gram),1999,3101550.0,1200621.0
Moong(Green Gram),2000,2975229.0,1026199.1000000002
Moong(Green Gram),2001,2808894.27,963747.2000000001
Moong(Green Gram),2002,2942257.0,865919.6999999998
Moong(Green Gram),2003,3442463.0,1661228.8000000003
Moong(Green Gram),2004,3187041.0,998654.2000000001
Moong(Green Gram),2005,3039036.0,947198.1000000001
Moong(Green Gram),2006,3062127.0,1057304.8999999994
Moong(Green Gram),2007,2967021.0,1120509.2000000002
Moong(Green Gram),2008,2738113.0,997332.1000000001
Moong(Green Gram),2009,3002613.0,640078.8
Moong(Green Gram),2010,3506873.0,1792063.7
Moong(Green Gram),2011,2097197.0,1005520.4000000003
Moong(Green Gram),2012,1630416.0,735726.6999999998
Moong(Green Gram),2013,1986004.0,981588.6000000004
Moong(Green Gram),2014,1489468.0,640437.8
Moong(Green Gram),2015,289786.0,85222.50000000001
Moth,1997,48716.0,24216.0
Moth,1998,921733.0,118050.0
Moth,1999,797795.0,31527.0
Moth,2000,1005907.0,144582.0
Moth,2001,1349749.0,324025.59999999986
Moth,2002,492939.0,31045.0
Moth,2003,1550418.0,819097.0
Moth,2004,1488276.0,204604.0
Moth,2005,1277327.0,174047.0
Moth,2006,1197300.0,204471.0
Moth,2007,1304312.0,422293.0
Moth,2008,1271309.0,336770.0
Moth,2009,1324793.0,46293.0
Moth,2010,1621712.0,788777.0
Moth,2011,48183.0,23302.0
Moth,2012,14711.0,5630.0
Moth,2013,42.0,24.0
Moth,2014,53.0,30.0
Niger seed,1997,16810.0,8841.0
Niger seed,1998,127482.0,35857.0
Niger seed,1999,403418.0,115283.0
Niger seed,2000,479240.0,105743.0
Niger seed,2001,553957.0,198162.06
Niger seed,2002,407384.0,84585.04000000001
Niger seed,2003,423280.0,107890.0
Niger seed,2004,414672.0,108129.0
Niger seed,2005,294986.0,70171.0
Niger seed,2006,291627.0,68207.0
Niger seed,2007,217116.0,54901.0
Niger seed,2008,259498.0,67192.0
Niger seed,2009,242010.0,57231.0
Niger seed,2010,240962.0,57060.0
Niger seed,2011,262029.0,58165.899999999994
Niger seed,2012,215159.0,63848.0
Niger seed,2013,206519.0,64292.0
Niger seed,2014,109517.0,26796.0
Oilseeds total,1997,51751377.0,39245384.0
Oilseeds total,1998,2930288.0,3871002.0
Oilseeds total,1999,33883.0,31398.0
Oilseeds total,2000,32561.0,31759.0
Oilseeds total,2001,40820.0,37164.0
Oilseeds total,2002,39497.0,36341.0
Oilseeds total,2003,34753.0,31224.0
Oilseeds total,2004,27139.0,26281.0
Oilseeds total,2005,27566.0,23695.0
Oilseeds total,2006,32160.0,29265.0
Oilseeds total,2007,30749.0,28568.0
Oilseeds total,2008,31785.0,31016.0
Oilseeds total,2009,121468.0,215842.0
Oilseeds total,2010,31854.0,29251.0
Oilseeds total,2011,32500.0,33000.0
Oilseeds total,2012,32767.0,31285.0
Oilseeds total,2013,33114.0,31635.0
Oilseeds total,2014,102300.0,103450.0
Onion,1997,134777.0,1551843.0
Onion,1998,256728.0,2910766.0
Onion,1999,370109.0,3596914.0
Onion,2000,288672.0,2487088.0
Onion,2001,285616.0,2878134.0
Onion,2002,337575.0,3245248.0
Onion,2003,481862.98,5673147.87
Onion,2004,396832.19,4503184.140000001
Onion,2005,437049.12,5596090.989999999
Onion,2006,375943.72000000003,4201728.0
Onion,2007,456683.96,5677798.300000001
Onion,2008,382183.0,4533802.5
Onion,2009,432348.0,4338469.0
Onion,2010,411573.0,5497183.0
Onion,2011,427636.0,6067070.0
Onion,2012,238740.0,3274280.0
Onion,2013,324570.0,4095933.4
Onion,2014,269613.0,2324369.0
Orange,2002,59219.0,802476.0
Orange,2003,83165.0,793030.0
Orange,2011,14938.0,172501.0
Orange,2012,16449.0,179637.0
Orange,2013,15669.0,188781.0
Orange,2014,15761.0,202378.0
Other  Rabi pulses,1997,247790.0,151786.0
Other  Rabi pulses,1998,829405.0,604458.0
Other  Rabi pulses,1999,1135582.0,598082.0
Other  Rabi pulses,2000,1000756.0,437659.0
Other  Rabi pulses,2001,1084289.0,534280.0
Other  Rabi pulses,2002,1015574.0,430882.0
Other  Rabi pulses,2003,961188.0,473944.0
Other  Rabi pulses,2004,295668.0,161156.0
Other  Rabi pulses,2005,180677.0,105215.0
Other  Rabi pulses,2006,535121.0,476608.0
Other  Rabi pulses,2007,417354.0,358936.2
Other  Rabi pulses,2008,74660.0,46759.399999999994
Other  Rabi pulses,2009,84622.0,55558.0
Other  Rabi pulses,2010,69217.0,51268.0
Other  Rabi pulses,2011,181354.0,89629.0
Other  Rabi pulses,2012,170828.0,79219.0
Other  Rabi pulses,2013,148629.0,76870.8
Other  Rabi pulses,2014,144381.0,72951.0
Other Cereals & Millets,1998,155200.0,100700.0
Other Cereals & Millets,1999,11400.0,3300.0
Other Cereals & Millets,2000,106777.0,82681.0
Other Cereals & Millets,2001,8624.0,3387.0
Other Cereals & Millets,2002,9325.0,2968.0
Other Cereals & Millets,2003,78377.0,88032.0
Other Cereals & Millets,2004,187189.0,144915.0
Other Cereals & Millets,2005,111910.0,108640.5
Other Cereals & Millets,2006,65362.0,72857.0
Other Cereals & Millets,2007,144682.0,169400.09999999998
Other Cereals & Millets,2008,121971.0,138030.0
Other Cereals & Millets,2009,50231.0,40994.0
Other Cereals & Millets,2010,108567.0,123267.0
Other Cereals & Millets,2011,69777.0,63512.0
Other Cereals & Millets,2012,46931.0,42032.0
Other Cereals & Millets,2014,2331.0,1330.1
Other Citrus Fruit,2002,1605.0,0.0
Other Citrus Fruit,2003,2650.0,0.0
Other Dry Fruit,2003,7.0,0.0
Other Fresh Fruits,2002,131161.0,148029.0
Other Fresh Fruits,2003,136833.0,161771.0
Other Fresh Fruits,2013,3839.0,41039.0
Other Fresh Fruits,2014,4566.0,48604.0
Other Kharif pulses,1997,94654.0,72625.0
Other Kharif pulses,1998,478167.0,196610.0
Other Kharif pulses,1999,1130963.0,330198.0
Other Kharif pulses,2000,1496118.0,426234.0
Other Kharif pulses,2001,1124130.0,379980.0
Other Kharif pulses,2002,1308053.0,352858.0
Other Kharif pulses,2003,1323142.0,482349.0
Other Kharif pulses,2004,674731.0,228023.18
Other Kharif pulses,2005,447416.0,151715.4
Other Kharif pulses,2006,929953.0,514964.0
Other Kharif pulses,2007,356284.0,206374.2
Other Kharif pulses,2008,311119.0,201275.0
Other Kharif pulses,2009,300488.0,137371.0
Other Kharif pulses,2010,278997.0,182659.0
Other Kharif pulses,2011,230477.0,138614.0
Other Kharif pulses,2012,195442.0,108957.0
Other Kharif pulses,2013,218716.0,124286.0
Other Kharif pulses,2014,180837.0,112069.6
Other Kharif pulses,2015,2766.0,2698.0
Other Vegetables,2002,231375.0,437509.0
Other Vegetables,2003,231644.0,363782.0
Other Vegetables,2013,7004.0,79920.0
Other Vegetables,2014,7188.0,82001.0
Paddy,1997,7885677.0,12551503.0
Paddy,2011,2545707.0,4715678.0
Paddy,2012,2099147.0,3981629.0
Paddy,2013,2510641.0,5230946.0
Paddy,2014,2495297.0,5222645.0
Papaya,2002,35824.0,1006439.0
Papaya,2003,33406.0,649121.0
Papaya,2011,7321.0,145451.0
Papaya,2012,30305.0,939491.0
Papaya,2013,12763.0,604168.0
Papaya,2014,13425.0,577851.0
Peach,2002,19.0,0.0
Peach,2003,23.0,0.0
Pear,2002,1296.0,0.0
Pear,2003,1380.0,0.0
Peas  (vegetable),2002,92.0,0.0
Peas  (vegetable),2003,76.0,0.0
Peas & beans (Pulses),1997,425240.0,494650.0
Peas & beans (Pulses),1998,532272.0,594636.0
Peas & beans (Pulses),1999,463003.0,627897.0
Peas & beans (Pulses),2000,409637.0,427855.0
Peas & beans (Pulses),2001,443508.4,540976.94
Peas & beans (Pulses),2002,444059.0,513287.0
Peas & beans (Pulses),2003,512948.0,649510.0
Peas & beans (Pulses),2004,109296.0,76778.0
Peas & beans (Pulses),2005,339018.0,253548.3
Peas & beans (Pulses),2006,305956.0,196817.0
Peas & beans (Pulses),2007,276401.0,165164.69999999998
Peas & beans (Pulses),2008,672458.0,629966.3
Peas & beans (Pulses),2009,591511.0,561256.0
Peas & beans (Pulses),2010,656383.0,582336.0
Peas & beans (Pulses),2011,674200.0,701797.0
Peas & beans (Pulses),2012,613676.0,671977.0
Peas & beans (Pulses),2013,673783.0,638560.3
Peas & beans (Pulses),2014,529639.0,425942.7
Perilla,2013,2350.0,1410.0
Pineapple,2002,45797.0,504690.0
Pineapple,2003,46796.0,510517.0
Pineapple,2011,14158.0,223624.0
Pineapple,2012,22732.0,307230.0
Pineapple,2013,16831.0,293496.0
Pineapple,2014,16446.0,288037.0
Plums,2002,378.0,0.0
Plums,2003,431.0,0.0
Pome Fruit,2002,28973.0,212912.0
Pome Fruit,2003,27229.0,268428.0
Pome Granet,2002,651.0,0.0
Pome Granet,2003,514.0,0.0
Pome Granet,2012,1441.0,19843.0
Pome Granet,2013,1629.0,26306.0
Pome Granet,2014,1948.0,20185.0
Potato,1997,941622.0,14095119.0
Potato,1998,1086040.0,20042976.0
Potato,1999,1147954.0,21777579.0
Potato,2000,1074286.0,20332883.9
Potato,2001,1106407.0,22344741.3
Potato,2002,1276980.15,22214426.06
Potato,2003,1235626.4100000001,22304309.16
Potato,2004,1234377.38,21971368.94
Potato,2005,1305876.54,22600047.099999998
Potato,2006,1257863.98,19565118.7
Potato,2007,1444313.21,26644642.1
Potato,2008,1434673.0,19577399.5
Potato,2009,1249453.0,30879180.8
Potato,2010,1339266.0,31096111.6
Potato,2011,1317160.0,26839202.099999998
Potato,2012,1295583.0,29817475.3
Potato,2013,1275238.0,23965707.0
Potato,2014,1204521.0,28700822.7
Potato,2015,5626.0,57233.600000000006
Pulses total,1997,20720328.0,14410879.0
Pulses total,1998,1865422.0,1119887.0
Pulses total,1999,6554.0,6634.0
Pulses total,2000,6202.0,6780.0
Pulses total,2001,6766.0,7126.0
Pulses total,2002,6801.0,7239.0
Pulses total,2003,7129.0,7719.0
Pulses total,2014,132862.0,109090.0
Pump Kin,2002,890.0,0.0
Pump Kin,2003,965.0,0.0
Pump Kin,2012,1238.0,0.0
Pump Kin,2013,1219.0,0.0
Pump Kin,2014,1373.0,0.0
Ragi,1997,1445741.0,1838314.0
Ragi,1998,1596226.0,2469357.0
Ragi,1999,1600366.0,2182808.2
Ragi,2000,1724865.0,2637067.7
Ragi,2001,1587159.0,2326220.8000000007
Ragi,2002,1393075.73,1305944.8000000003
Ragi,2003,1676354.3,1889760.9300000002
Ragi,2004,1505366.1600000001,2289561.2699999996
Ragi,2005,1512249.26,2279824.6799999997
Ragi,2006,1194891.8900000001,1295834.2
Ragi,2007,1264903.12,1908140.1000000003
Ragi,2008,1350789.0,1846441.200000001
Ragi,2009,1235229.0,1737764.9000000008
Ragi,2010,1264421.0,2087127.7999999998
Ragi,2011,1147450.0,1781575.0999999999
Ragi,2012,1094336.0,1536329.4
Ragi,2013,1149790.0,2025209.88
Ragi,2014,1040332.5,1665793.1999999997
Ragi,2015,45693.0,28326.0
Rajmash Kholar,2013,14840.0,18590.0
Rapeseed &Mustard,1997,5360928.0,3795722.0
Rapeseed &Mustard,1998,5298300.0,4984676.0
Rapeseed &Mustard,1999,5624495.0,5313748.1
Rapeseed &Mustard,2000,3982362.0,3697858.4
Rapeseed &Mustard,2001,4720478.0,4731966.0
Rapeseed &Mustard,2002,4232075.34,3595695.78
Rapeseed &Mustard,2003,5068743.0,5963477.469999999
Rapeseed &Mustard,2004,7048705.26,7247026.29
Rapeseed &Mustard,2005,7024254.029999999,7896943.089999998
Rapeseed &Mustard,2006,6471393.5,7082258.1
Rapeseed &Mustard,2007,5511552.9,5535567.909999999
Rapeseed &Mustard,2008,5910636.0,6913622.7
Rapeseed &Mustard,2009,4755605.0,5545123.4
Rapeseed &Mustard,2010,5482169.0,7525819.68
Rapeseed &Mustard,2011,2970870.0,3369974.2
Rapeseed &Mustard,2012,3114681.0,4029443.7000000007
Rapeseed &Mustard,2013,2393736.0,2260989.7
Rapeseed &Mustard,2014,1598688.0,1374736.7000000002
Rapeseed &Mustard,2015,10966.0,4616.6
Redish,2002,1113.0,2059.0
Redish,2003,862.0,1877.0
Ribed Guard,2002,376.0,0.0
Ribed Guard,2003,338.0,0.0
Rice,1997,30706467.0,65848504.0
Rice,1998,38716952.0,78761219.0
Rice,1999,37058642.0,77917065.6
Rice,2000,43190618.0,83092698.8
Rice,2001,42745829.0,90057868.0
Rice,2002,40795160.29,71453399.66999999
Rice,2003,43181631.06,87835972.97
Rice,2004,42664665.23,84172521.28
Rice,2005,43519563.58,89587185.74999999
Rice,2006,43266797.59,91676287.34
Rice,2007,42026154.31,92064810.0
Rice,2008,43597987.0,95261272.07
Rice,2009,40583697.0,87356341.31
Rice,2010,41766900.5,95176207.1
Rice,2011,42011893.74,102093897.48000002
Rice,2012,47765615.0,100330481.0
Rice,2013,40485966.0,102872769.0
Rice,2014,39088073.0,104018196.0
Rice,2015,3952669.0,5893687.0
Ricebean (nagadal),2013,4710.0,5230.0
Rubber,2001,475039.0,580350.0
Rubber,2002,476047.0,594917.0
Rubber,2003,50.0,50.0
Safflower,1997,11223.0,3266.0
Safflower,1998,419491.0,235417.0
Safflower,1999,438801.0,259508.0
Safflower,2000,408529.0,201805.40000000002
Safflower,2001,403461.0,220174.03999999998
Safflower,2002,369442.0,179245.04
Safflower,2003,365297.0,136466.0
Safflower,2004,369964.0,179481.0
Safflower,2005,363053.0,229054.0
Safflower,2006,375524.0,238102.0
Safflower,2007,74452.0,61965.0
Safflower,2008,273426.0,172045.0
Safflower,2009,272143.0,167823.0
Safflower,2010,242802.0,152385.0
Safflower,2011,197406.0,113411.0
Safflower,2012,154980.0,89059.0
Safflower,2013,180401.0,124589.0
Safflower,2014,113664.0,57311.0
Samai,1997,29500.0,12700.0
Samai,1998,28400.0,14300.0
Samai,1999,58471.0,48503.0
Samai,2000,32155.0,14135.0
Samai,2001,30346.0,14953.0
Samai,2002,42919.0,31032.0
Samai,2003,23470.0,9552.0
Sannhamp,1997,4410.0,10448.0
Sannhamp,1998,20610.0,17055.0
Sannhamp,1999,29928.0,64482.0
Sannhamp,2000,35778.0,67698.0
Sannhamp,2001,16103.0,21208.0
Sannhamp,2002,23974.0,22625.0
Sannhamp,2003,18584.0,23293.1
Sannhamp,2004,13072.0,13391.0
Sannhamp,2005,12791.0,12194.8
Sannhamp,2006,11200.0,12100.0
Sannhamp,2007,15395.0,27033.489999999998
Sannhamp,2008,14736.0,24289.67
Sannhamp,2009,12581.0,9113.0
Sannhamp,2010,9221.0,11778.0
Sannhamp,2011,7779.0,10587.0
Sannhamp,2012,9017.0,11248.0
Sannhamp,2013,13834.0,12623.0
Sannhamp,2014,5762.0,5734.1
Sapota,2012,9192.0,121345.0
Sapota,2013,9168.0,85585.0
Sapota,2014,8785.0,73497.0
Sesamum,1997,1277400.0,463072.0
Sesamum,1998,1554706.0,528064.0
Sesamum,1999,1675656.0,549361.6
Sesamum,2000,1682869.0,529043.7
Sesamum,2001,1594463.0,676875.6
Sesamum,2002,1357650.0,421776.89999999997
Sesamum,2003,1655445.0,765167.1
Sesamum,2004,1865119.0,668908.2999999999
Sesamum,2005,1746113.0,656594.2
Sesamum,2006,1665030.0,664575.9000000001
Sesamum,2007,1674171.0,741282.6999999997
Sesamum,2008,1753051.0,630750.7000000002
Sesamum,2009,2042179.0,633869.7
Sesamum,2010,2091602.81,894312.3
Sesamum,2011,1400125.56,639724.0499999998
Sesamum,2012,1155228.0,694185.5
Sesamum,2013,1048100.0,462607.70000000007
Sesamum,2014,840220.0,384719.31000000006
Sesamum,2015,20026.0,4139.599999999999
Small millets,1997,701769.0,248320.0
Small millets,1998,834228.0,327745.0
Small millets,1999,325825.0,178131.0
Small millets,2000,1324484.0,495343.8999999998
Small millets,2001,1211525.0,504828.1
Small millets,2002,1282240.0,380367.59999999986
Small millets,2003,1052634.0,423088.0
Small millets,2004,880250.0,325186.0
Small millets,2005,532920.0,229391.0
Small millets,2006,822914.0,381106.0
Small millets,2007,454842.0,241052.0
Small millets,2008,664951.0,248904.0
Small millets,2009,663885.0,264094.0
Small millets,2010,554661.0,221292.0
Small millets,2011,609876.0,313826.0
Small millets,2012,533160.0,292876.0
Small millets,2013,530610.0,364794.0
Small millets,2014,275852.0,187120.0
Small millets,2015,2853.0,2911.0
Snak Guard,2002,1614.0,0.0
Snak Guard,2003,1641.0,0.0
Soyabean,1997,4949711.0,5475933.0
Soyabean,1998,6399446.0,7080780.0
Soyabean,1999,5959717.0,6819977.0
Soyabean,2000,6380376.0,5253274.0
Soyabean,2001,6301951.0,5921466.0
Soyabean,2002,6068435.0,4583853.0
Soyabean,2003,6516934.0,7788019.0
Soyabean,2004,7632991.0,6854980.0
Soyabean,2005,7994672.0,8552840.0
Soyabean,2006,8199577.0,8817146.0
Soyabean,2007,6242549.0,6697563.0
Soyabean,2008,9581407.0,8991049.0
Soyabean,2009,9705469.0,9869843.0
Soyabean,2010,9558319.0,12314985.0
Soyabean,2011,9306315.0,11051455.0
Soyabean,2012,9608817.0,13516397.0
Soyabean,2013,10701259.0,9828734.0
Soyabean,2014,4339559.0,2415735.4
Soyabean,2015,3278.0,3190.0
Sugarcane,1997,3482848.0,501229055.0
Sugarcane,1998,3669822.0,259809110.0
Sugarcane,1999,4126394.0,294092445.8
Sugarcane,2000,4328515.0,296117297.3
Sugarcane,2001,4403618.0,296512607.1
Sugarcane,2002,4501972.0,287091582.2
Sugarcane,2003,4001206.45,239790348.48000002
Sugarcane,2004,3507513.23,229908510.87000003
Sugarcane,2005,4218182.7,285760866.48
Sugarcane,2006,3808609.89,268741560.6
Sugarcane,2007,3857623.83,254059919.7
Sugarcane,2008,5082080.0,341180542.6999999
Sugarcane,2009,4091094.0,287925668.09999996
Sugarcane,2010,4795159.140000001,336530841.89
Sugarcane,2011,4696892.41,345395473.29999995
Sugarcane,2012,4927290.0,335499448.9
Sugarcane,2013,4721055.29,346860507.1999999
Sugarcane,2014,4447146.0600000005,328598583.1
Sugarcane,2015,8962.0,577157.2000000001
Sunflower,1997,451275.0,248182.0
Sunflower,1998,1710677.0,772715.0
Sunflower,1999,1052960.0,539730.0
Sunflower,2000,1052695.0,616479.2
Sunflower,2001,1168503.0,665184.01
Sunflower,2002,1626833.0,845701.04
Sunflower,2003,1993856.0,919793.0
Sunflower,2004,2479664.0,1297053.0
Sunflower,2005,2314821.0,1289496.0
Sunflower,2006,2128743.0,1045041.0
Sunflower,2007,1567176.0,1094524.0
Sunflower,2008,1756123.0,997119.0
Sunflower,2009,1422592.0,718657.0
Sunflower,2010,889231.9,560993.4
Sunflower,2011,690076.0,419646.0
Sunflower,2012,762951.0,453931.0
Sunflower,2013,647158.0,442077.0
Sunflower,2014,532812.0,336758.0
Sweet potato,1997,23938.0,174563.0
Sweet potato,1998,27408.0,178754.0
Sweet potato,1999,75069.0,571499.0
Sweet potato,2000,67660.0,474245.0
Sweet potato,2001,67062.0,487471.0
Sweet potato,2002,79382.0,597144.0
Sweet potato,2003,80002.0,610225.0
Sweet potato,2004,108673.0,891205.0
Sweet potato,2005,52365.9,498099.35
Sweet potato,2006,46092.4,405524.0
Sweet potato,2007,42611.0,412715.0
Sweet potato,2008,45676.0,402571.0
Sweet potato,2009,39874.0,341364.0
Sweet potato,2010,38264.0,304520.0
Sweet potato,2011,40367.0,360391.0
Sweet potato,2012,40839.0,379091.0
Sweet potato,2013,42335.0,402989.0
Sweet potato,2014,36217.0,355644.0
Tapioca,1997,243461.0,6770940.0
Tapioca,1998,199046.0,5596386.0
Tapioca,1999,217396.0,6010718.0
Tapioca,2000,254337.0,6825440.0
Tapioca,2001,136529.0,2653607.0
Tapioca,2002,194031.0,4698211.0
Tapioca,2003,217629.0,5925673.0
Tapioca,2004,224330.0,7140169.0
Tapioca,2005,241103.5,7595507.0
Tapioca,2006,254671.03,8420099.0
Tapioca,2007,228467.0,8514920.0
Tapioca,2008,238377.0,7544234.0
Tapioca,2009,216081.0,6841154.0
Tapioca,2010,96568.1,2590854.6600000006
Tapioca,2011,203534.84,6748804.640000001
Tapioca,2012,93104.0,2787195.0
Tapioca,2013,173164.0,5281102.0
Tapioca,2014,87248.0,3062191.0
Tea,1999,58.0,62.0
Tea,2000,620.0,2670.0
Tea,2001,37314.0,68890.0
Tea,2002,37818.0,57889.299999999996
Tea,2003,1000.0,3020.0
Tea,2007,1000.0,3450.0
Tobacco,1997,348858.0,422417.0
Tobacco,1998,342272.0,578948.0
Tobacco,1999,379600.0,551039.0
Tobacco,2000,249139.0,327125.0
Tobacco,2001,265138.0,476643.01
Tobacco,2002,327680.0,523651.11
Tobacco,2003,357508.0,562123.2
Tobacco,2004,353180.0,521300.0
Tobacco,2005,357226.0,533810.3
Tobacco,2006,331565.0,477862.0
Tobacco,2007,337257.0,491923.0
Tobacco,2008,372371.0,602592.0
Tobacco,2009,499511.0,837828.0
Tobacco,2010,482107.0,869781.0
Tobacco,2011,460424.0,822639.0
Tobacco,2012,408595.0,705095.0
Tobacco,2013,314214.0,576361.0
Tobacco,2014,296838.0,615020.4
Tomato,2002,146457.0,1015497.0
Tomato,2003,185651.0,1363827.0
Tomato,2012,37067.0,625411.0
Tomato,2013,37441.0,889385.0
Tomato,2014,38191.0,830864.0
Total foodgrain,1997,18974254.0,38843779.0
Total foodgrain,1998,4584784.0,1201048.0
Total foodgrain,2014,1750762.0,3225930.0
Turmeric,1997,49377.0,175614.0
Turmeric,1998,59947.0,202331.0
Turmeric,1999,98372.0,292438.0
Turmeric,2000,174698.0,683428.0
Turmeric,2001,131093.0,401082.0
Turmeric,2002,691195.0,843406.02
Turmeric,2003,139154.0,525885.0
Turmeric,2004,146455.0,670866.0
Turmeric,2005,137184.7,759277.1
Turmeric,2006,138419.5,687876.03
Turmeric,2007,79276.0,314503.3
Turmeric,2008,146185.0,716910.0
Turmeric,2009,130762.0,647359.0
Turmeric,2010,106831.78,573218.39
Turmeric,2011,200418.45,1056287.54
Turmeric,2012,64794.0,295269.0
Turmeric,2013,139703.0,634554.7
Turmeric,2014,99138.0,485938.4
Turnip,2002,348.0,145.0
Turnip,2003,454.0,218.0
Urad,1997,2005681.0,879739.0
Urad,1998,2291659.0,1139023.0
Urad,1999,3182852.0,1432906.0
Urad,2000,2731536.0,1250689.8000000003
Urad,2001,2810786.0,1303678.6600000001
Urad,2002,2944890.0,1276617.9
Urad,2003,3379954.0,1428295.9
Urad,2004,2512359.0,1033246.1000000002
Urad,2005,2343892.0,979827.7999999999
Urad,2006,2456072.0,1122130.2
Urad,2007,2626497.0,1114032.0
Urad,2008,2601605.0,1137905.6
Urad,2009,2875625.0,1181134.8999999997
Urad,2010,3125827.0,1678594.7999999998
Urad,2011,2952470.0,1601944.4000000001
Urad,2012,2717142.0,1555020.5999999996
Urad,2013,2591446.0,1442745.1
Urad,2014,1348203.0,825895.8000000004
Urad,2015,77222.0,27063.100000000006
Varagu,1997,2500.0,1600.0
Varagu,1998,1700.0,1500.0
Varagu,1999,19937.0,22576.0
Varagu,2000,1609.0,1216.0
Varagu,2001,807.0,671.0
Varagu,2002,16177.0,16789.0
Varagu,2003,5036.0,5342.0
Water Melon,2002,4311.0,0.0
Water Melon,2003,8000.0,0.0
Wheat,1997,25640826.0,63831633.0
Wheat,1998,26628290.0,69699079.0
Wheat,1999,26734280.0,75068369.0
Wheat,2000,25626459.0,69487129.9
Wheat,2001,26294089.0,72648945.9
Wheat,2002,25196951.689999998,65760625.34
Wheat,2003,26824291.700000003,72780554.81
Wheat,2004,26786879.58,69567075.35
Wheat,2005,26208838.229999997,67305067.7
Wheat,2006,27915096.04,77294678.3
Wheat,2007,27025547.72,77599127.89999999
Wheat,2008,27772106.0,81590346.0
Wheat,2009,27774123.0,80194411.4
Wheat,2010,29837101.0,93043111.99999997
Wheat,2011,26471124.0,91784119.69999999
Wheat,2012,26406568.0,88022121.4
Wheat,2013,23979599.0,75099453.6
Wheat,2014,17590692.0,42048966.1
Wheat,2015,690.0,840.4
Yam,2002,910.0,0.0
Yam,2003,865.0,0.0
other fibres,2002,6445.0,0.0
other fibres,2003,6193.0,0.0
other misc. pulses,2000,12206.0,3032.0
other misc. pulses,2003,18637.0,6672.220000000005
other oilseeds,1998,7420.0,7731.0
other oilseeds,2000,1078.0,436.0
other oilseeds,2001,238.0,126.0
other oilseeds,2002,18945.1,17475.309999999998
other oilseeds,2003,344171.29000000004,314996.81
other oilseeds,2004,12828.3,3815.61
other oilseeds,2005,1623.55,857.8
other oilseeds,2006,6001.62,4784.38
other oilseeds,2007,44947.0,11607.2
other oilseeds,2008,106128.0,39958.7
other oilseeds,2009,102865.0,39609.0
other oilseeds,2010,1300390.0,524016.0
other oilseeds,2011,126563.0,1094233.0
other oilseeds,2012,847.0,383.0
other oilseeds,2013,110748.0,1309777.0
other oilseeds,2014,65021.0,1400102.0

